,Date,Model,Type,Tokens
89,2021-02-01 21:36:00,KellyWalter,Exclusive Private,8
64,2021-02-05 00:22:00,Amy_Blair_,Exclusive Private,16
69,2021-02-18 20:35:00,EllieMitchell,Exclusive Private,8
58,2021-02-24 00:10:00,Sexy__Emma,Exclusive Private,8
44,2021-02-26 00:56:00,ohh_yess,Exclusive Private,8
34,2021-02-27 21:36:00,DianaDixie,Exclusive Private,8
42,2021-03-02 00:56:00,SkazKaNanoch,Exclusive Private,16
32,2021-03-04 19:07:00,your_little_girl7,Exclusive Private,16
20,2021-03-04 21:46:00,IfFate,Exclusive Private,44
0,2021-03-08 18:33:00,CharmDarsy,Exclusive Private,16
83,2021-03-10 21:57:00,MissAkiro,Exclusive Private,16
71,2021-03-14 00:00:00,DanaBlush,Exclusive Private,8
63,2021-03-17 08:33:00,MiyaMason,Exclusive Private,24
46,2021-03-19 21:57:00,-Light-Soul-,Exclusive Private,16
30,2021-03-21 08:02:00,MaryStoch,Exclusive Private,16
16,2021-03-25 10:35:00,MelanieNuls,Exclusive Private,24
