,id,score
0,,
0,1T3Y5oIIREsnhH2TUYtJtveUOQyLgOV1Etj6aeJuyZiQ,0.6771785421618101
0,1UVQxOfCQmdcCSvV38GPAMiAzON7EePtU6atXAGekFiI,0.6767077225565652
0,1A3zJOqFxEG5ObZqNcpleyoQSwEtV_d8FueK8dMazFKo,0.7131710626336306
0,1Sf1xQlUWMulablODJbdsyDc2cXpAdszcfAYMCg--SVw,0.6995698394507942
0,1T016TPnbuhwDPrc6A5CqIZL_yLoM2jJjL6V74iPUp0U,0.6726254875949352
0,1Ru3URhzEEjSJwSFChRV-dJY-oftLO-3ixYCFcJ7c8ps,0.6634196044574857
0,1SMtcHep1zzSIdPlfy63FB0wpdf-vUZFeJ39r7YGEBag,0.7017502167288376
0,10Q33N2SzVfDUhZISlW-gmQPNWsU8Qoh6l0DYdcCeehM,0.6777782173735842
0,1Ks-QUH2uocq1lb9cXwJNDzfR6SreRRKjbte3n-TpAVI,0.6673676946377586
0,1fOAyw0R0asMjwP9GywtuD_J8rfGBU_O8QMNlv-vI8vU,0.6816499493411751
0,1BrSUT-bUKTheXNBsIbx2me3sNaucbFJoPHE0RAkfXx0,0.6822996304521923
0,1CDTDo72teIEfBTpg6ZRh0_lp7XxelpHUeveSaAH1LWU,0.695533585996297
0,11wNb9p2yzjfKo6Lg0oa5ijyp2ZAiTbkVv9wwTCb1Bzg,0.6524608723595419
0,1FCm-neHYi_KhFenAM5_uYDR1t5aB6Ik96iGbNTkyEy4,0.7139951690038046
0,11vmV_0XysXSfv0jLzny8Koa54g_eWWZrJRkMwwZdOeA,0.7309236183685343
0,1QBB2pR6hIjcKs0nr4WN-Jf_dasPNvDJ_rwDOJ9KWUYI,0.6884729350680736
0,1a4sMpqT0KVIF8pdVNmu-iHqmUtSVfoJzxQe5TOnHEfw,0.6636517710424582
0,1Ds02PZrftI_uTluBEHMXRZ9ETrxoZmo1HijpgmFCpaU,0.643638831890182
0,1T-vyiFyKRv3GG2x5z3fwKdkVyssflx-XI9fEyISNINg,0.4280246019363403
0,15AP3YiZ20cNEgh7pG0z8We2hN2Jdwz9kqI3Rw-SAPe0,0.6616480185852184
0,1Fm3-pQ1Ibq1dXbm56nYl_cAYbpAz673NDFhDZjODF7U,0.6311134363074106
0,1U6kPhIuXHr7SW31t1dgNB3LL8k3f1QLC2y0i2JezjHU,0.674153555838366
0,106tCGKdVEcWIF8Ba9WAwjCK8BenVtd3wzoyD1VgMmis,0.6736591955737263
0,100xJ6waZ1Qty250HaRm_0SkjfoqqmzrwQ34rCEqPdAc,0.673427351999804
0,1BWmyhr4F0nlFpraxceK8MgA3f6JIykprCmziiq0XrAs,0.6836032939218256
0,12IZ80rRhmVVTZ37iNT1jx0-yB6RM1b95nu-Iw3ctDPM,0.6778318901236527
0,1ycIp-XM5Cf5KsJ_fEQVvB0l8q_qTdRhHT3b1q02Dmrw,0.4485744384099852
0,1JeAWlGRO-vVw-Dw6z7RKrDVUaWNp7rhremsKb6Dnf1o,0.4280246019363403
0,1-Ts9_8KWzMG6BvogAR8bqHBYSfBZEadWoMVDScOpiJ4,0.7089850416636417
0,1_dMOi1MN9n0P-18XVcUZsyV8r4sU8NmjMHM9aWQamrg,0.6736636722843282
0,1DeTbjgwN8joA3Vqka8w8j5L_jtnmgbxUfpDQKU-CPxQ,0.6982598859740283
0,1P_m85sl8qoVEI_4FEi0dctWGe7LsaJmlG6qpI9gfu48,0.6664468328001
0,1D5QIAEPMhsBDNs2mhQGScyxLVbYwa-XGASbdqkzEwow,0.6757525216691113
0,1-b9zYoFQ-WnmuPM7s-lhFVP52b9O-al-fwlNcLWQg8s,0.6303961306083493
0,10ctnsG2Dnser5UKpbbsvJbwcyRpO7uzy20k85tPacPA,0.7202948349769469
0,174Oo8TJgLMLpZQLfFoWWUaFdINw95PwkzpgJeXI1ODs,0.7041291655936281
0,1V5Bs0mOKj5aXl0W4SZTAnzT0zzXqF6JPwP32ZoBQu2k,0.6833336243154493
0,14lSwZ8KfTF-YFu6XchD4CmyFpHVi0F6VPdnb6fUL1f8,0.6520845651626587
0,1SalS_ZDdvEFhxMwnElkpdzosits6njJtleyoQt_2BNc,0.6764690844707837
0,18taWurGT7Nwo1_MHGB24nexa_OM-ChqfR1fzQ4RNk30,0.6342127182627026
0,1mmsgsP3gsxFvRvpwN9rMQj4EKfSYi3ihrP_FEyFoyFM,0.4280246019363403
0,1WeLqLyU13rH1hVNz18GojAJ066ba5c7WZzFnI0qhDoc,0.6797872283350029
0,1MTMlaOdebsXi_voAj3ll1hEVRpDHRZGjY-VFIyhVrC8,0.6444954348514966
0,159DWT3brnuGLBMdNHk1Yl7pIm7BzX3C6r5wo7sHLbeg,0.6681034257014592
0,1Jyr9A_waYgYKSdDVWVwSrq_MYw9DRsuNxwpA3ow7wac,0.6679362015779999
0,1Q-cCZ-ug4AT9vutlxPA9Q6sKgghXA8PmFdhy1Z3dbzY,0.5990555528804604
0,11nq_A7LX3bZwEQiMK35Pr4zXEg1CoW5dj9q9sQx3_zE,0.4280246019363403
0,14GqGXxwcfFXnkufDCXC13TZIwRnlyJcZ_LS_WKyYRY0,0.6662887598991394
0,1JbNg1RNksq50-xvHQUKK-rFAjOXHPpKtzobSBkEq6bU,0.7026168227048446
0,1z0EBazbb4E35jjUujy5ECMMGCx6gfsu5bZrMT1EUZqQ,0.4280246019363403
0,1M-pgCEeJFXcSBuIg8bLdyFIKZhFahh5mhpwxIwq8zcI,0.6654121548273089
0,1S0Uy_5sCB-98bRGuJRF4Ev3BZrpjOXHz-Oj5UveEm3A,0.6918627318886569
0,1SHyeomVAwO8rOtzlZzqt9KsI2UCvYKxlGsPZ4M4onng,0.6670960478470808
0,14mZLAj9262_wRKMTHmNZWaOMU65Lt6TIBfnM5esq3kU,0.3295438760205319
0,1IFWf8YziXRBq8r9fIa11Lnf-m-bcoZF77aeUxkxfPeE,0.6723695181194365
0,13TY2GeYkhWotLwcM7JySGgBAmzzr8554B2goUcorpl4,0.6800848772224871
0,1aLfw49-6CT3KSr8rGEfi3x-378qVDBgoYXdk_moxU30,0.6532003670087401
0,1CBycJ-FuFg9fewt6NqE17PHspUoPSqU6T4ZVWp9oA1Q,0.6774153446680621
0,1RHl1Vc2KZp4A1PlRpwVgCHCD34NeaWQ-8Sm_LElnYM0,0.5785842059363782
0,1SkBh50XDSp7p-MYhZxFPlDqc70P4kHtH0sD0eUDO9kM,0.6751198869234496
0,1Gg8_MUTfgnCht-8__y_cqaKMneeOUgNianocnrEySL4,0.6688994137426808
0,1RgGSns02aofbwJJfYBelv5bWcFjhYl9EmcFAUsBLTK0,0.6680562469811566
0,1JcBOH2APKvGx9QrqvaW5RitjjmX5DCi5IW-P4UDqAOc,0.6762381270824676
0,1KmE8ei2WgecjV4rNvGm8-BKigtx81RcSLDC0Gd1KEso,0.7200878231475749
0,1yVOG0wAkPBOS1_0aF0vA_59FKch_LmsMUW-Z_GK1sIM,0.5492615124607343
0,1oCJiNaBWvj2mnLWqBCIOrMReWtcmOhSPxzaEggjQ5xU,0.5038294060663744
0,1EnbD6EVEtCrbJbfMM6hECpBrqs4h1vygLPlVkC-EReM,0.6817903078715006
0,112QomNLHOUYREJBoxznxffgisldEOdPTVRb14t4iGiU,0.6752721929060528
0,1BmHkE9V0Nz62lenL0d1WKBYmMqxcbYDtGYKFiFNoSZc,0.6643165398707621
0,1RWJ2uSBKPwNJI9FMpOjSlYqaWNCQ-hgcQ9pBi7Gry3o,0.6723897017907976
0,1vYVEw2q3EIvNZa1uX01ZHwiJwSAf6EpdsgiWgQCAsZw,0.6363890238106251
0,1Jju2TdkKUdESdyc-9T__-127xWyNcsqqIPvnYtYJpRc,0.7045932911744673
0,1-HB-r3g2u7lPlJphb2vluNWTVSluyKdrYxyVfMTUHlI,0.5466244641472312
0,15t-p1ayyzjQikuniM01OR-InpWG9UGPU6PqaV5zryRU,0.6830553928889043
0,1Nw66tK7pX8cD6ic_AD1a4_WeFJckSo-8VGH1-Uj1GDQ,0.6556423490911506
0,1Gw2XUkkECsOEMtLLfvHNQXBa0ajxudZqoNNvmnyIvNw,0.6633803602936981
0,10w4jXsTmBl8LI4XDS0m4mnEaZrfZJzdvU_QFt7rbA2Q,0.6466668791612801
0,15vEB5XZNXcFkqU6b_pycRCZwkRZf0aBdXq1IXM-XVOA,0.6801642927072816
0,18oK__OIk30CVXXLBJm5LJ-XeHWwZtr6tl__Bv5_g_40,0.6757236091147659
0,1yBcbDPlP0IIw7Bg3SCAIqbJKuJ-nyFyTpzAepH7fd24,0.6884291627247411
0,1-Y752-gau9lAYn4C4QR5NGlIZIlyEQTb16aynekqJPs,0.6864229727542025
0,19WcTQ16v8lV3uTpLSgx-rglWX32xwW6fuuEL5P4mwao,0.6729328352280989
0,1JV5IB2d8nhkU17yY7DLc8rlWnjJHHv-HQ3O_-06yYyg,0.6641697280125397
0,1-A3XDcya8p0aRg8pKRgHAxyuBcNSxSX3aAqp8Tc5L30,0.6487485747961771
0,14dIL2bZtSHa9hu4ArIKk5xYDV78vhXqPfgDZ1Wk40J0,0.6754772836162198
0,1NfrFLufzcQ8qXtBw3k3Wvjr08iC_PA-rQiXB_Y01zWo,0.6822257865439881
0,1arcbdWptV3_qhX803fuNXUf6D7gdWsdX4fgvmzPoEmQ,0.6855318214281514
0,10RCy7PsdEDRIykg9V8BbfEfqlkCdk_s1TG5YjAvz8TU,0.6495243189182688
0,14MKjqVOkhSPN5Z_4BO5uwF4C1TI8hW-0heGMC73pbMI,0.6771313918139084
0,1tfWnw0PuL2LJIZ1QeOTFWRSpAg6AIBYk3tdws6pzPT4,0.6449939401048903
0,1Rn9YpC4wWsWcfPqTP_3eHs-pKI8i_c86ohSZbqc-Fy0,0.6349301224210823
0,1Fic4Myl1m0EEEVOgVj0fQPGEbNgeUbcJcGueokA_BlI,0.700007932041362
0,1lKb0hMID-s_jmNldwwRm8O_DLMGA3kXRonPPIztPlSg,0.6360066987261801
0,1Mo-S-STJdFsDdNHbA85Ig_cJhO8ZxtbDaONB-k98z28,0.7418104699618525
0,120ycTi8sD4X6A7N1VFoXoE4zbKuRma1kEnutT0yWN6o,0.6332115449127138
0,1Sj8tOM39aYebO-DnbkZrSK-qAn-iNUE4SuEpd-a1eWg,0.6621818571506514
0,12AOaTPBlWbMfEDs5CNC-qPrpC7EBcvY2qZGzct8pyAI,0.6989284267119311
0,1eW-jUxR-bsOMH3dCQ2Zrsi9yvT_hVfUzzldR80c-h1Q,0.6802041384046067
0,1IYvkgFbFRCHNKwhKR-kOGbFNWoDoOQyu_PHrMRTkJbA,0.6364091533749655
0,1Rk7gEwMwhxwYTZWD5sqQGLijIn_IDXIHv6hF991MLrQ,0.6418107391269375
0,1fkAyKgZ4caF3KvAISMqsdK4GpHher6SF0NqOdkQO3EM,0.6669613747266088
0,13VYYptjMuiZAAdkoFC0tSvgRc0tsyJsSBGGdNmAYTl0,0.6850331565677721
0,1RPEj8uaAAqoD1jJQFTBREVBfmLBu2MjXeCSaKk0kVI0,0.6831395151604721
0,128tlxAb8PlDyPCPFvFDU21CmCDQUZzPZ9sp7JdNcSAA,0.6577189820562745
0,1D_4sFF6tiQOPhW_ZnzT0UonVFg0vq4zdilK_qVVEgAU,0.6784418776271107
0,1DyyiC4Z0WY-HX9GqlLZzvfxQMddntXpkHM_HIHeSTw0,0.6608659630104646
0,1-HtdZC48E7-XiAUwf5chQvXOZA5ljuepd5kKN3v86yk,0.7213321301672194
0,1Qm4jszeZy3XnHY-sthxTLKs5Hgv13e8-EbvCu-4jrIU,0.6800694235007441
0,14wNVMOHn5c8tZN-BooCLn_3o3c8tVx3XQuu65ZXcVVk,0.6876989185492409
0,18yZEurIkcf-uPjVHWS9wjv6-OnJv5GNcWx2VfaaGV9k,0.6608783574455318
0,10ydJYoB-R8rLI0L9LaAMRTJcnRF4mf-z7FWyvKrSbQI,0.6763147767439845
0,190mFL2zjqJn-P8BwdErMYfQUuQYh7dtfMnDM4Xrs7xk,0.7216367474119112
0,1VayiafhYFYxopmh-8gCAIHBp9dcjmfT2mbJR0vozesA,0.6722244386873124
0,1Aj66gwLeRUIFQg-st4aaMf8LPjfRWlDeIyo-QvoUWAQ,0.6796683462358128
0,1RywEo0TvZUAM0CvQaum0X5pLNWHNvd0ruGJ3Q4nDy1A,0.6819492230364875
0,12yEdUziGVRpJeSWh6wluBRFWtctAKyA7xXSEsJjgtus,0.6757847671650191
0,1uNEA2kgTs8JfEgITK99CLo7SeBMIg3aGMCi0MjXe4zA,0.6677735049966645
0,15fTBDJenjKfo5zvssGKcbltsT0Ze43KmfW37y2RVgjg,0.6654693408137453
0,1i99DnOks2LaDIPMOxE4dRxzkwUTQRIktbAc7GYbTWz0,0.6904592302572099
0,1WkyXafRRmELOoGGt0jtg2Y6FmqN421Q7I2IIh_OCyDo,0.6578662287694932
0,1TGFC-fMS6wGQ42bezffZ60SiWFz8Bo2cLGzgw72oaVk,0.6739586255604163
0,1IZRBXUMBWz6ViIuL1CflZ9VZx2vSOQRV1_58lTWnKQ0,0.6828987760379397
0,1kXY4xWToh5ZQfrhGbGz6vJgYP6vVSCWnImXjtfKnL6A,0.7267670315854691
0,110qtlqIraKzr96X9cycFRGOrmEnBoH-f57ZbTuXteYI,0.7181312023076992
0,1d0mo7Z6AG9YOc94qzBBzGG4tq70FLzmgRN8oK-NVueQ,0.6687539794009361
0,1-jleCLr4QycQ-40Es0kwmQE_33OtFNwB1vZ4CxBglso,0.6915686327832619
0,1T3Y5oIIREsnhH2TUYtJtveUOQyLgOV1Etj6aeJuyZiQ,0.6771785421618101
0,1T3Y5oIIREsnhH2TUYtJtveUOQyLgOV1Etj6aeJuyZiQ,-0.16253681682251594
0,1UVQxOfCQmdcCSvV38GPAMiAzON7EePtU6atXAGekFiI,-0.2042209302677828
0,1A3zJOqFxEG5ObZqNcpleyoQSwEtV_d8FueK8dMazFKo,-0.26930338258926684
0,1Sf1xQlUWMulablODJbdsyDc2cXpAdszcfAYMCg--SVw,-0.4134907141709939
0,1T016TPnbuhwDPrc6A5CqIZL_yLoM2jJjL6V74iPUp0U,-0.08731742037667169
0,1Ru3URhzEEjSJwSFChRV-dJY-oftLO-3ixYCFcJ7c8ps,-0.3438773778351871
0,1SMtcHep1zzSIdPlfy63FB0wpdf-vUZFeJ39r7YGEBag,-0.10877323707381448
0,10Q33N2SzVfDUhZISlW-gmQPNWsU8Qoh6l0DYdcCeehM,0.12051756041390554
0,1Ks-QUH2uocq1lb9cXwJNDzfR6SreRRKjbte3n-TpAVI,-0.11861501525088056
0,1fOAyw0R0asMjwP9GywtuD_J8rfGBU_O8QMNlv-vI8vU,-0.23168884383307564
0,1BrSUT-bUKTheXNBsIbx2me3sNaucbFJoPHE0RAkfXx0,0.17063657289896256
0,1CDTDo72teIEfBTpg6ZRh0_lp7XxelpHUeveSaAH1LWU,-0.08406183923163063
0,11wNb9p2yzjfKo6Lg0oa5ijyp2ZAiTbkVv9wwTCb1Bzg,-0.32691816488901776
0,1FCm-neHYi_KhFenAM5_uYDR1t5aB6Ik96iGbNTkyEy4,-0.26465509086847305
0,11vmV_0XysXSfv0jLzny8Koa54g_eWWZrJRkMwwZdOeA,-0.9955200850963593
0,1QBB2pR6hIjcKs0nr4WN-Jf_dasPNvDJ_rwDOJ9KWUYI,-0.3988014698028565
0,1a4sMpqT0KVIF8pdVNmu-iHqmUtSVfoJzxQe5TOnHEfw,-0.2471264685903277
0,1Ds02PZrftI_uTluBEHMXRZ9ETrxoZmo1HijpgmFCpaU,-0.03823581337928772
0,1T-vyiFyKRv3GG2x5z3fwKdkVyssflx-XI9fEyISNINg,0.996312379837036
0,15AP3YiZ20cNEgh7pG0z8We2hN2Jdwz9kqI3Rw-SAPe0,-0.005529978445598057
0,1Fm3-pQ1Ibq1dXbm56nYl_cAYbpAz673NDFhDZjODF7U,-0.4124127280327581
0,1U6kPhIuXHr7SW31t1dgNB3LL8k3f1QLC2y0i2JezjHU,-0.20433596123096556
0,106tCGKdVEcWIF8Ba9WAwjCK8BenVtd3wzoyD1VgMmis,-0.20567693964379727
0,100xJ6waZ1Qty250HaRm_0SkjfoqqmzrwQ34rCEqPdAc,-0.1176766169832108
0,1BWmyhr4F0nlFpraxceK8MgA3f6JIykprCmziiq0XrAs,-0.2831976937281119
0,12IZ80rRhmVVTZ37iNT1jx0-yB6RM1b95nu-Iw3ctDPM,-0.04385072330258928
0,1ycIp-XM5Cf5KsJ_fEQVvB0l8q_qTdRhHT3b1q02Dmrw,0.5187849998474121
0,1JeAWlGRO-vVw-Dw6z7RKrDVUaWNp7rhremsKb6Dnf1o,0.996312379837036
0,1-Ts9_8KWzMG6BvogAR8bqHBYSfBZEadWoMVDScOpiJ4,-0.0035962253003507046
0,1_dMOi1MN9n0P-18XVcUZsyV8r4sU8NmjMHM9aWQamrg,-0.12876193821430207
0,1DeTbjgwN8joA3Vqka8w8j5L_jtnmgbxUfpDQKU-CPxQ,-0.2568028179215796
0,1P_m85sl8qoVEI_4FEi0dctWGe7LsaJmlG6qpI9gfu48,-0.05969448196582305
0,1D5QIAEPMhsBDNs2mhQGScyxLVbYwa-XGASbdqkzEwow,0.5788000226020813
0,1-b9zYoFQ-WnmuPM7s-lhFVP52b9O-al-fwlNcLWQg8s,-0.16857283455984934
0,10ctnsG2Dnser5UKpbbsvJbwcyRpO7uzy20k85tPacPA,-0.18856224219004314
0,174Oo8TJgLMLpZQLfFoWWUaFdINw95PwkzpgJeXI1ODs,0.02463528088160924
0,1V5Bs0mOKj5aXl0W4SZTAnzT0zzXqF6JPwP32ZoBQu2k,0.2155523316280262
0,14lSwZ8KfTF-YFu6XchD4CmyFpHVi0F6VPdnb6fUL1f8,-0.006134092807769775
0,1SalS_ZDdvEFhxMwnElkpdzosits6njJtleyoQt_2BNc,-0.04305737981429466
0,18taWurGT7Nwo1_MHGB24nexa_OM-ChqfR1fzQ4RNk30,-0.3793464362621307
0,1mmsgsP3gsxFvRvpwN9rMQj4EKfSYi3ihrP_FEyFoyFM,0.996312379837036
0,1WeLqLyU13rH1hVNz18GojAJ066ba5c7WZzFnI0qhDoc,-0.12763033683101335
0,1MTMlaOdebsXi_voAj3ll1hEVRpDHRZGjY-VFIyhVrC8,0.06822198706787902
0,159DWT3brnuGLBMdNHk1Yl7pIm7BzX3C6r5wo7sHLbeg,-0.2035096049308777
0,1Jyr9A_waYgYKSdDVWVwSrq_MYw9DRsuNxwpA3ow7wac,0.12500882403152744
0,1Q-cCZ-ug4AT9vutlxPA9Q6sKgghXA8PmFdhy1Z3dbzY,0.2936960080774819
0,11nq_A7LX3bZwEQiMK35Pr4zXEg1CoW5dj9q9sQx3_zE,0.996312379837036
0,14GqGXxwcfFXnkufDCXC13TZIwRnlyJcZ_LS_WKyYRY0,0.10897750002997264
0,1JbNg1RNksq50-xvHQUKK-rFAjOXHPpKtzobSBkEq6bU,0.14332044353851905
0,1z0EBazbb4E35jjUujy5ECMMGCx6gfsu5bZrMT1EUZqQ,0.996312379837036
0,1M-pgCEeJFXcSBuIg8bLdyFIKZhFahh5mhpwxIwq8zcI,0.13786233284256674
0,1S0Uy_5sCB-98bRGuJRF4Ev3BZrpjOXHz-Oj5UveEm3A,-0.1782902806035934
0,1SHyeomVAwO8rOtzlZzqt9KsI2UCvYKxlGsPZ4M4onng,-0.12004225987654465
0,14mZLAj9262_wRKMTHmNZWaOMU65Lt6TIBfnM5esq3kU,-0.989754319190979
0,1IFWf8YziXRBq8r9fIa11Lnf-m-bcoZF77aeUxkxfPeE,-0.15281893699257462
0,13TY2GeYkhWotLwcM7JySGgBAmzzr8554B2goUcorpl4,-0.3316235939661662
0,1aLfw49-6CT3KSr8rGEfi3x-378qVDBgoYXdk_moxU30,-0.2771380300875063
0,1CBycJ-FuFg9fewt6NqE17PHspUoPSqU6T4ZVWp9oA1Q,-0.15253095541681566
0,1RHl1Vc2KZp4A1PlRpwVgCHCD34NeaWQ-8Sm_LElnYM0,0.504988506436348
0,1SkBh50XDSp7p-MYhZxFPlDqc70P4kHtH0sD0eUDO9kM,-0.09436839140527616
0,1Gg8_MUTfgnCht-8__y_cqaKMneeOUgNianocnrEySL4,0.08525570369746586
0,1RgGSns02aofbwJJfYBelv5bWcFjhYl9EmcFAUsBLTK0,0.00879881978034973
0,1JcBOH2APKvGx9QrqvaW5RitjjmX5DCi5IW-P4UDqAOc,-0.5149826820080097
0,1KmE8ei2WgecjV4rNvGm8-BKigtx81RcSLDC0Gd1KEso,-0.19434431195259091
0,1yVOG0wAkPBOS1_0aF0vA_59FKch_LmsMUW-Z_GK1sIM,-0.3063315025397709
0,1oCJiNaBWvj2mnLWqBCIOrMReWtcmOhSPxzaEggjQ5xU,0.0004246234893798828
0,1EnbD6EVEtCrbJbfMM6hECpBrqs4h1vygLPlVkC-EReM,-0.2536112128952403
0,112QomNLHOUYREJBoxznxffgisldEOdPTVRb14t4iGiU,-0.3883023485541344
0,1BmHkE9V0Nz62lenL0d1WKBYmMqxcbYDtGYKFiFNoSZc,-0.24957564816010736
0,1RWJ2uSBKPwNJI9FMpOjSlYqaWNCQ-hgcQ9pBi7Gry3o,-0.424630561682183
0,1vYVEw2q3EIvNZa1uX01ZHwiJwSAf6EpdsgiWgQCAsZw,-0.971812069416046
0,1Jju2TdkKUdESdyc-9T__-127xWyNcsqqIPvnYtYJpRc,0.2075070435883569
0,1-HB-r3g2u7lPlJphb2vluNWTVSluyKdrYxyVfMTUHlI,0.9984513223171234
0,15t-p1ayyzjQikuniM01OR-InpWG9UGPU6PqaV5zryRU,-0.1505430149582197
0,1Nw66tK7pX8cD6ic_AD1a4_WeFJckSo-8VGH1-Uj1GDQ,-0.19844604248092287
0,1Gw2XUkkECsOEMtLLfvHNQXBa0ajxudZqoNNvmnyIvNw,-0.4474882700226524
0,10w4jXsTmBl8LI4XDS0m4mnEaZrfZJzdvU_QFt7rbA2Q,-0.4776757416816858
0,15vEB5XZNXcFkqU6b_pycRCZwkRZf0aBdXq1IXM-XVOA,-0.30811300033178085
0,18oK__OIk30CVXXLBJm5LJ-XeHWwZtr6tl__Bv5_g_40,-0.15261313480299873
0,1yBcbDPlP0IIw7Bg3SCAIqbJKuJ-nyFyTpzAepH7fd24,-0.3737934042106975
0,1-Y752-gau9lAYn4C4QR5NGlIZIlyEQTb16aynekqJPs,-0.5502098511766504
0,19WcTQ16v8lV3uTpLSgx-rglWX32xwW6fuuEL5P4mwao,-0.1133461443471237
0,1JV5IB2d8nhkU17yY7DLc8rlWnjJHHv-HQ3O_-06yYyg,-0.18381433400240813
0,1-A3XDcya8p0aRg8pKRgHAxyuBcNSxSX3aAqp8Tc5L30,-0.33397129774093626
0,14dIL2bZtSHa9hu4ArIKk5xYDV78vhXqPfgDZ1Wk40J0,-0.315871258576711
0,1NfrFLufzcQ8qXtBw3k3Wvjr08iC_PA-rQiXB_Y01zWo,0.22308682343539069
0,1arcbdWptV3_qhX803fuNXUf6D7gdWsdX4fgvmzPoEmQ,0.1612820914297393
0,10RCy7PsdEDRIykg9V8BbfEfqlkCdk_s1TG5YjAvz8TU,0.2339019179344177
0,14MKjqVOkhSPN5Z_4BO5uwF4C1TI8hW-0heGMC73pbMI,-0.25223254320914285
0,1tfWnw0PuL2LJIZ1QeOTFWRSpAg6AIBYk3tdws6pzPT4,-0.2716306106558124
0,1Rn9YpC4wWsWcfPqTP_3eHs-pKI8i_c86ohSZbqc-Fy0,-0.2705857711178916
0,1Fic4Myl1m0EEEVOgVj0fQPGEbNgeUbcJcGueokA_BlI,-0.7262006770996821
0,1lKb0hMID-s_jmNldwwRm8O_DLMGA3kXRonPPIztPlSg,-0.20705627876779306
0,1Mo-S-STJdFsDdNHbA85Ig_cJhO8ZxtbDaONB-k98z28,-0.2698023557662964
0,120ycTi8sD4X6A7N1VFoXoE4zbKuRma1kEnutT0yWN6o,-0.9161952998903062
0,1Sj8tOM39aYebO-DnbkZrSK-qAn-iNUE4SuEpd-a1eWg,-0.09659906908085472
0,12AOaTPBlWbMfEDs5CNC-qPrpC7EBcvY2qZGzct8pyAI,0.0256701617529898
0,1eW-jUxR-bsOMH3dCQ2Zrsi9yvT_hVfUzzldR80c-h1Q,-0.017274414339373188
0,1IYvkgFbFRCHNKwhKR-kOGbFNWoDoOQyu_PHrMRTkJbA,-0.40765602097791787
0,1Rk7gEwMwhxwYTZWD5sqQGLijIn_IDXIHv6hF991MLrQ,-0.06765972597654475
0,1fkAyKgZ4caF3KvAISMqsdK4GpHher6SF0NqOdkQO3EM,-0.4986701856056849
0,13VYYptjMuiZAAdkoFC0tSvgRc0tsyJsSBGGdNmAYTl0,-0.09538626128976996
0,1RPEj8uaAAqoD1jJQFTBREVBfmLBu2MjXeCSaKk0kVI0,-0.016388150710093825
0,128tlxAb8PlDyPCPFvFDU21CmCDQUZzPZ9sp7JdNcSAA,-0.4915686017129479
0,1D_4sFF6tiQOPhW_ZnzT0UonVFg0vq4zdilK_qVVEgAU,-0.16411491506978085
0,1DyyiC4Z0WY-HX9GqlLZzvfxQMddntXpkHM_HIHeSTw0,-0.13461824673325268
0,1-HtdZC48E7-XiAUwf5chQvXOZA5ljuepd5kKN3v86yk,-0.4937845170497894
0,1Qm4jszeZy3XnHY-sthxTLKs5Hgv13e8-EbvCu-4jrIU,-0.1912949085235596
0,14wNVMOHn5c8tZN-BooCLn_3o3c8tVx3XQuu65ZXcVVk,-0.10704591539171007
0,18yZEurIkcf-uPjVHWS9wjv6-OnJv5GNcWx2VfaaGV9k,-0.2799010025130378
0,10ydJYoB-R8rLI0L9LaAMRTJcnRF4mf-z7FWyvKrSbQI,-0.32640187179341035
0,190mFL2zjqJn-P8BwdErMYfQUuQYh7dtfMnDM4Xrs7xk,-0.3551893005004296
0,1VayiafhYFYxopmh-8gCAIHBp9dcjmfT2mbJR0vozesA,-0.11087118666018207
0,1Aj66gwLeRUIFQg-st4aaMf8LPjfRWlDeIyo-QvoUWAQ,-0.10523968338966368
0,1RywEo0TvZUAM0CvQaum0X5pLNWHNvd0ruGJ3Q4nDy1A,-0.04711407545915584
0,12yEdUziGVRpJeSWh6wluBRFWtctAKyA7xXSEsJjgtus,-0.4456134032695852
0,1uNEA2kgTs8JfEgITK99CLo7SeBMIg3aGMCi0MjXe4zA,-0.16917979897874774
0,15fTBDJenjKfo5zvssGKcbltsT0Ze43KmfW37y2RVgjg,-0.23089593924008886
0,1i99DnOks2LaDIPMOxE4dRxzkwUTQRIktbAc7GYbTWz0,-0.10407491326332093
0,1WkyXafRRmELOoGGt0jtg2Y6FmqN421Q7I2IIh_OCyDo,-0.11739716701900835
0,1TGFC-fMS6wGQ42bezffZ60SiWFz8Bo2cLGzgw72oaVk,-0.12817106450476298
0,1IZRBXUMBWz6ViIuL1CflZ9VZx2vSOQRV1_58lTWnKQ0,0.27189455090499504
0,1kXY4xWToh5ZQfrhGbGz6vJgYP6vVSCWnImXjtfKnL6A,0.3107826511065165
0,110qtlqIraKzr96X9cycFRGOrmEnBoH-f57ZbTuXteYI,-0.18620207905769348
0,1d0mo7Z6AG9YOc94qzBBzGG4tq70FLzmgRN8oK-NVueQ,-0.2341370069980621
0,1-jleCLr4QycQ-40Es0kwmQE_33OtFNwB1vZ4CxBglso,-0.5115032523079256
0,16qrx3lbSnI_boQI990x8o7p2qikRsgF7C0x7NeASYVo,-0.4995255321264267
0,1ipWuQojsde--G4CQIC6DwFLf3avIe7JOYl5vBfSv2Ro,0.43878186742464703
0,12xjs8CsqaXogxmPRBKW_jDs9n9s7vew7xaYbF87AGJg,0.99502032995224
0,1jESIBzreGRhDYtOz0bE-e2xkMg4w6etG_jvthgVW2OY,-0.28470652444022043
0,1fbL1e1PzbjWsOgoBmpifj0HXTOwx2o8eRzGJ88et-Z0,-0.9420003890991211
0,1OYELg09nGqvWJCy8jQ1b-YNjmStQK6AHBTOEBGCDN7A,0.3616065884891309
0,1-kVyU5tu3eYr3JGoKASF2tleterSU0ZtjzwcYpcDRqw,0.050026182944958024
0,1HW6J5k_BGkSgbTjpn53GC4wd3aG1TslhBHYzhqQilts,-0.09147949381308122
0,1Ax1e1boFWZok7BOvVA_0gj1y_lHKIqc1Mv0Ou7LdwbQ,-0.4469871461391449
0,1xa4C2BPNk5aPEBzKevNN4mmwmDiLxaraHZQIHVB1rTE,-0.5400262375672659
0,1KxmH-wOw5APaOFadkJlASDC3VjOlmXW6RH1NUyknMi0,0.4476097822189331
0,1Qc1U_DZwNhSu8tLkdrjdm6lEdhnS7tj8RmPiMCttZIA,0.19031500532513573
0,1Pu87vWeNKaX63AaI9Wx87mxG2hMqPqU-wBEDEel5Ft4,0.14250576496124268
0,1PiV4wK993o00cZ2nmCLds5ONqQjX5gsHb6rtdiOiynE,-0.07319186131159465
0,1kXfMqDGkkAoYnM0W72dV0bvQnf4i-LXneN7r_ccP_n8,-0.16751215738408706
0,12DQ5LhrnnYNCsZkWViiGUHHac5r3XOrUw2D84MXEXVM,-0.13064631131979135
0,1laI3FEpK0dv4ZjB4NIMUGq7gOJFLoniE_eC1xxiZ7rU,-0.26939058729580473
0,1mhDcdFOyV4Jomj9ZGrOQrsbZX6cozj6KOeLD2HG4yFs,0.15797215700149536
0,1Ac_6E6ZBWkcL5GGxbhvgvYeWTk1_HcxodM8avF4MjHM,-0.4434047883207148
0,12n1PVshTVjKRCaYzSjlRt2qb5XsMFeQPRd5r2CN4eng,-0.13365512755182055
0,1PYCtdG2txVqI9dwzfPu4SgjoXfnN2fdv-jwF_wLb3rc,0.10573311448097229
0,13OObSTSaeTP1bYS_olQ4zTJR-jBO3FLCmDWrNBZFdD4,0.012435890379406157
0,1wNbLdFfUYFyaDgOwip4hysPQJcx2lowmfQI5Irr-x3A,0.28404530584812165
0,13QeD5ueW61MdctP6dLeM2pRz7ESFnBnt_pDgkhw83_8,0.18733882904052734
0,1-G_j_2JhI5QcgQ_d4jDCl0mzuC-GlflTQ4IBFkGamQk,-0.14883926510810852
0,1DEm8Fwvqx_SZLC9mrXohg1hLda0AF0uOEgccBE2MnbU,-0.2442646497174313
0,1Tv0QAPK3K6J4Awt7PBXGiigAZiU5DfiV1e2NUuiSe8o,-0.024524986743927002
0,1BHq88JEWNNs8Hh0CUSLwBfA95GN_YaowbkAhe1B8TGs,0.22429468579914258
0,1iSzoQWoUZRoC-enH5oCicGa7VVMEbOd7Zn1xMkggNPM,-0.625001494701092
0,1Ca4-FzaXoGlhwV6o0Kj_knaIQNrXX-4hB_uDXymrzAE,-0.06173346094463183
0,1366J6Kzn5kfDn1t6ShNhIiA7L4oZM0rLefrS7AcD-Bs,-0.38978846073150636
0,15FtJ8zeRLDQ5ucLWYDJzM_9rXkr-0JzT_HTX57dIDmc,-0.2569320909678936
0,131aXijDiL6D_TbIiiLNuCPaRtQP2OT0iMNiTxk2ypKY,0.16038608864734047
0,17f-nxsDRBb-Ys7K0GztLQfn9uHjEAwpRuyQmqLyi3wc,-0.42570948269632125
0,1DqLkTmZZf5CutjEs-B71yDn0b3-WAnOh-LqW6lbE14k,-0.49148042500019073
0,11TmZkCP4JevR4NQ0WvOmvtPoUYGmh6dMX8tLEuSefOs,-0.09208388328552246
0,16e2Du5P7awnFxOgBl6l3K8PICKkEBZUctMcb1RAaKYY,-0.42701228175844463
0,1Xs2RK1wDLwW16IbPLFaSthfw7xFWNYTIwWNItwYa8QI,0.8593650341033936
0,1UPUD-hSbUDaGbhcDTAzoVn3roFmaMVtroTlfmr6VOro,0.06226181282716639
0,1L76xQg-9h3utgdg-AfYmtUiRPmTjnkMVHHKvymLd0kQ,0.09123732977443272
0,13C_aPsYlxV7kp3bDiY_jXna5GHhfMuFnv8QO8uf4WYw,-0.576533707705411
0,1WqWcvWe69GvvuRsFVtIj4JLLml-bbonb1qzZJnCqMoM,-0.12713890314102172
0,1WWum1fAJhjtrToS4q5070WUEQ3GCNmkPA_4DwU2B2vw,0.028810617923736574
0,1AHdMLI83znMR8BHyDZ3yqxSRpEw7eWQPhzJppHL6h8s,0.042983048492007785
0,10p4Z8UzLB0esQGgHCYWmnTS3HZ1_N9IW6vIq94EBr_o,-0.07179043292999268
0,1bfdTncnG11zVe3gl5UOeaZcXtV_XAz3e5bK_ceDhpfw,-0.25397364882861867
0,1I9XWs9X96cVSDvwNibwGki9B1LO0H3IJS_iF2b_VDAM,-0.33369329902860856
0,13WgRKJaJnN_8vO-BdNsxDOjP3zf8--s-45EvPLK1UJY,-0.3206461923463004
0,1SNGDAaloc7FilULLIdyi0VSgOp-XfZBnWaZJqselHqE,-0.6191171929240227
0,1EsiXQBu9JFPyXwn4hDfZheBGDXAU42609198mqZwNa0,-0.7894651472568512
0,1UXgPIFbLu7verJfOpeMWn5xAEKumUWfbEzPgRjrql_Y,0.6731367958219427
0,1C1-mKTMsPHPjfTOz7D3l3jFSUgpvJnCc5P9AzpkPzNo,-0.17358396734510148
0,1ZR7tD2xfDGhMtaj9iHq3_0Qujetb7B7N_X1Km627QLA,-0.04627923053853652
0,1dabeSr1qL9ymaQ5740Ox4nCEliOWClUL7aFId7HgX5s,-0.183129972881741
0,1Lwx3dhh0VCZEEVoFPkjJdewCzb_8x9uX5UOlg8CWey4,0.5688405190744708
0,1BKZCp2VKpwAk38uKfapNM5qCR62skR6slvu3q0oAymc,0.29644443273544313
0,1-Q3Wn6aNPKydYX_H4v3PABtguv_VhLoVBpNZKWxgUmA,-0.7178556654188368
0,1I9qHTwfOAlT8qEQd9epl4r-FNSF9Xc06e3QhrLfFWio,0.17854725262698004
0,1AMLW64RjRM6zief8X_LEkPht7uypccDAM8Q3yePapSA,0.9984080195426941
0,1q1Eio2oM7MzDoEVBJGV3zpBoCnGH6SCmrGkuUYbLOKE,-0.4951656394534641
0,1HyM2Kig27W6hoMytRdS3LoIsRLhLy7KHju7jvj1smJ8,-0.9895349012480842
0,1SdgBNlqq7Y4RyFdgx5NUZIGlxKarCUed1sPQO3BgIdg,-0.06408452192942302
0,17adZinPOGzUCAPJnEdfZ3wLWemKx0c7OGffuSfuRWis,-0.4400057593981425
0,10zECQYMYVml9vRpkQnuiEqSdTPjcIwUNs1L_Uoh5Spo,-0.06820938220390907
0,1-yRNnzmpfmkSsmKtkZ5d5PIhoWkflYykr8IXbYkB4JM,-0.08721538384755452
0,19vJZMCBDaQlk6uGdBXW1wLjuOfc2zdqkWaF8QHlQ2ZU,-0.13949126946298698
0,1Rf-8rAcBgYflisgUxq_J-weg92RgJzJ2HRqQN-m20YY,0.13901668787002563
0,1JGZ38d-x9V3ZHfxofEwe_VlShv5P7c-pdoOnSbIZ1JE,-0.28174109969820293
0,1RDeo590GbT3vLVDtMnn-oHX__cRWX2dDi1re-Ry5b_U,0.1714458300007714
0,147SBmzWIpczLIz6y48dNODlZgvY_6kSC_mF8m2uANnM,0.23492859303951263
0,1wtX9VHX4f1X8DGwJoG4b58GoCjH6V6plG0b-VZppUxo,-0.14174974816186087
0,1Vy2IayrglcENKhIHWFG6Soec3ZmZvBjBM-4NYMqJndo,-0.13393578571932657
0,1wzAahjW6w5zvfZlY42EyztPo5H0NFWrguCAL2879C-I,-0.20499280757374233
0,1hM554N2ZDkNQ_NrZI2TgEck-yeCcrV_0d2c_pfH1RXg,-0.5838584542274475
0,1UhDf4FGAMW-v6esL7t08J-7Ovl8max9i-7Sdbkp6-v0,-0.16737861931324005
0,1FpN9WDi3f5dOA-aQWWjT9ATwkaEypL6EuMip6DvC1Ws,0.005781441926956177
0,15QHgwMnYdl7DY45dIvcMWqpVIvLI_T3jhytwiGzY-O0,-0.23494770652369448
0,1p2TmPBBkqO1bJu26iVmDSQ265tCT8sQ6gkauSfiTPRc,-0.14181948395875785
0,1gf3evSQNxeiK-honb9kaQ0Ntr5WsfQEvakENE9tylj0,-0.06098103239422753
0,1-I_E2BMYWM685leDtpS62x-b-h89TqVjl00xC7oIR1c,0.07587851010836087
0,17m7YUP8wPwDOZs6gO-H__0CkKXe0bIV1UPDIm8y3YW4,0.13811157856668746
0,1aUzCC28uLwyokxK0GjSXooAFAJiNHuGuY5HvElbE3d8,0.5099210115996274
0,1DjdsbLx8AATyai_ycuGSKrFAuJapwTt8WKpwkHjyDjE,-0.24224664976722315
0,1WG4O2XiEPMZ-svEpBSYQVNEz8d6DBLJw394EtonT8Ls,0.00479474663734436
0,1IwjMcP505GHjtRkT5Kz9SoaVCGVf1kJ5NkGIOzRc_AM,-0.2685615138003701
0,1ko2tbDQg52SLs_T6qJoLnTqKQj5H88Xt08DYH5DinAM,-0.15825791421689486
0,1AqtgvTj2XCnRQox8y2_-iX1qamNwcA9jU9rFxHqqmKA,-0.1989491017241227
0,134tDIB-v5DaSnBoxHkVzD9VsPgpGjHRjm2YdGKLIv-g,0.1387883186340332
0,1Fv0awJXCAtJP5xLhSxhewp-5mJY4RFtFHpRoOgJ-OUY,0.15127362062533697
0,1zs2i-wI110GZYe3nL7EUgwW5QV2HMu7_5-alfh4wyrI,0.9963123798370361
0,1AvqxxWicX74KifyVUToIhIb8aWdMeiJkPFBFKNMIjLA,0.3230686823527018
0,1iiB9uOXrTjHwOY4HHR7phlTS0oIcZxniYG-yNPf8wAM,0.17420566082000732
0,1Qi56iLNDQf7nxKTAs7Plr2EpQvHN3e6HIuba_mM7-30,-0.4281242110512473
0,1cuoOeVvayQdYK74mZ47Qt4OD9XN1EV6XRU3W7oaGvMU,0.06774764902451459
0,10xVAt6qOBLkOCJ9xHAt3aOu2OkhXahMZDpssrR_9JJY,0.9963123798370361
0,15cw10t9OoMbmCMgU9HEFairuBUCzBmxxtpSu6AUPfYY,0.19245208361569574
0,18-L8dRw9pm-LEE_GfZVKC29Qa6lfKvTh9rXsST9tcdg,-0.08466369575924343
0,1PhyZ9Th_rpPgObsdGggmwI5aYsMHbLQxXA-FRQHJ9Fs,-0.24511804431676865
0,1i0vMTBMrAkptImUYeC5Sajgch28eM2_UB--7NTA7uDY,-0.09686951637268067
0,18owN_y17CQ8cDFAfpmVNrIfhggfWzycvnHsPZPj3qPU,-0.30818380327785716
0,13eBgttEhmvHbBQ8LLIWFGUDjiBRKVsspn0A2-BdETug,0.6421069077083043
0,103bdxZRrHIKpXjSCkMXJOhOsVKIQQQRC44BenJ2C64E,-0.48212779064973194
0,1Y9zcr5q762hJmnuULmn1cHvHS78XX4UR-c2bs69mBLw,-0.3881675899028778
0,11nBNr-TtdCChMjW7FJmV2NgwuZCN-gk7-pw1thEI2yE,-0.9949025511741638
0,1e2Z3AEzNHKKX2FOm1UIaKY_0UlOUQE1AMTLWvOyIx_U,-0.37158546499584033
0,1UPTQVLYw8vGGteIRhEERlSTs9CRKljxpK045k5doaMA,-0.2853920876979828
0,18W8eUimaWHCF28Hp98KS6KYnAkviGQYjnxwEXw3ynPI,-0.5983079195022583
0,1xBhxjo5PCisRhs2j1R8VB51dgRbnVvfBX_F6VtQlooQ,-0.2875857984318453
0,1miGNJB1PAucmvJ_0BXinPxDQKht-2GszZMuQ5SHT00M,-0.7149177379906178
0,1222qwGjiPKXzQEU-D-ylACHhppHd3C1mY8egjLwTvUs,-0.2998126794894536
0,16SV_oU3WbJcSsA2GDUAdlKYHM2KjmuBPrwCJ8NVUiCg,-0.22751334080329308
0,18r7FLsGaumGW4yREITBUHq3mw8PzTbgADoPyATpy46Y,-0.01928473114967346
0,151Iru4xlHY91ClqkqBHXBfiGyO1xXVMLQTZU-x31i5Q,-0.5569906367195977
0,187DTEl-wfcpO8hnQB_ZI1ncXudjcTVXOyeYlU23N-jI,0.11823339121682304
0,1GeE9Id19f98pY93kG_6c4atd6vEBfuoa7sSDU9LN9Hg,0.030189400369470768
0,14XcIQHtK3NzLcEGBVVAMcGYEb5DblgJEf1gyZZMEOiU,0.3115950510615394
0,14otbtLY90-WgofqFH4BdHXphhoXEgUNF_t-9i-hHM70,0.2683607339859009
0,17l8RUO3MlRkQlJsTx0QRljXqM72YkxM_csTQYoOM5K4,0.352821194463306
0,1H1LufOrKKJBoe-7jPLPEni5obsCYWFlhADlcbSk9_04,0.0860686031254855
0,1OjXQE5tQPsHDWR955SE6a42n2-g8SXXalFkz87dT9RI,-0.21674127521969022
0,1N-ZgEYM58ruHQ85iq6tI4qb5msGzQYZOZM0vHjiaqXc,-0.09484068221516079
0,19qR_oPIZTHqweQbhloL6ZyD1TTBNcvMmaiQHz_9m8io,-0.3407507538795471
0,15-WvpowJbtwBWsBD6kpUbKjZvs4oWDnf_Cu7v9I7gzE,-0.9837264120578766
0,1fR9vZk7_gL4Li2T6hNFMX4Bm4zxMyLTRQdnH5AaNYN0,0.16611912671257467
0,1aVU0zcJ5XT6xrqXIebsISGuUQLnSKt103QmQ31d4pCw,-0.5255062707832882
0,18cQ-xGwyO61NMlckAQsVJ2J6Xn8NfS5rpB1FLMkmSGY,-0.13982807265387642
0,1MNo3JhNsQ3GbBO6FTCxCBn1LUp1XcW2-5bLp1eggurU,-0.0016632139682769775
0,1eaIB_CFEePXn3DhX4ByfXyfjhWY21Js8tbm_kVhZHp0,-0.09441233674685161
0,1ujxi3JS63GfK-8LzcOcHdxG4QSxjYRAXLpHmPF0A3mQ,-0.32210580507914227
0,17pNRZ1XP97eB8dyNlkE5e0ygQG6UMz671E2vlU9yWWs,-0.3302678101592594
0,1mZniRQecObgeTKgpV5sRQBfU4s56G60SmxWluXam5VI,0.18523553609848023
0,12H6tg2NUUybzOTPE7C5AlvrLvFL1Afv9RVHi_XlN9po,-0.5151612022343803
0,11XlnFtRUrDs3nWI47b3olUUXBPmLTKh89HnUmA43bNU,0.486825833717982
0,1FmjJxO2nfy-oN41G2kxkwUBr5winctOWCFzdY7mtopY,-0.2805424094200134
0,1H7csExPx7lw7RS9CsLFWeRdsaZvBPtIpr215I2uBGmU,0.28323471896788655
0,1lGZqL0m0kstW08d8EIYW34vIL4O6MCOKMSFqpmE8y_k,-0.29578345602956313
0,1zxZuVKoIzv59Kvun-CNTPFZgalMK0tjalRtqoTqWoDA,-0.09264740618792447
0,1ji2m4hQR2yqW_8kTQGSdmFmj1jzhcddfxIOaXQloTa0,-0.12802874545256296
0,1-a_F7LNIwY-c2DiIkjSxfqParhxyq0l4sm_L8vRUUno,-0.9637291133403778
0,1kqwM5c4ITAW3J17dGKOAzLN9BjSOYfN1qTSciKQfRuY,-0.3571239364774604
0,1ZY7nAcTMgRypWpL2-zCtqbizLqGxdtg8jhihUuGFf_Q,-0.07623582161389865
0,1DECAldaEDzy6F0RuY5fVwKSAFazmcjuHJ2IzTmWapYU,0.010301806032657623
0,1AqOlptmGxSn9YpvUoMzqcJTckcOcsQgk3-zpQX-gils,-0.2796673849225044
0,1M9Lj8-tLEklEz0bBhFU_hIUXpXhxyPSIS5e8863DO2s,0.07136151369880228
0,1DyFQsYls_gE0Ds1qER9Z6f-TA0kx1T5zCSq02dXQxBY,-0.4188911701951708
0,1P_Glr0rPryMOve-w-OMxdwercQvOX6kYI612NnAPSfI,0.05144794197643504
0,1FLzYnWlq_9fPDOOhLimrEdmHU1kYT7-p48AFifYp_yU,0.4433133966392941
0,1FmPzjIJMUlx6lqU8nNugb4E8R3vZzHZsqJaps1MNy80,-0.21366376721340677
0,1ZCNE2JrT9l-qet8TH1wB_c4SY9Mo91S5RXkN1OirAFQ,0.6957332193851471
0,1jlsjFBtDHr2mx4vwZAupP36duQ-XTO9lEHVQzHf12fA,-0.3557619485590193
0,1EIe3guzQRmG_cxeDh06YkcSqcJ_Y50UfUGn_F4aa9XA,0.02033613994717598
0,1aJN516lQzH1VUMjagL7KblZ913GnZTCsIRDjPrzyS78,-0.9933406412601471
0,1ZGaINFK4nw_Gh4feKrHpWq-PyBw2MNwmbVQOxUxRtVE,-0.9349063634872437
0,1h1N-l0JqhMxNq75yFeomz1I5iYznxrOXL1IwfCot4fA,-0.26791103397096905
0,1Zb9ddio27gxUQMwDy_8mhaxH03LAKNOWfMkJyG0Ry80,0.19405081272125244
0,11JWN9TEgd_mn_UBvxJpG_cCT9uVtdjqpxeGnW91fB5o,0.9885522425174713
0,1TFgXJ2dAci4HhV4BfQO2eyj_seRzio9i8aC8hU8RJk8,0.09672950885512611
0,1B29YPsgoclpUDi9S7Xo5GPQYYxAYnj9qXOxuT2x4Ilc,0.04624900079908825
0,1BhVpxG8yEbHdh-NRoha1RdR4DBAGxgVvrewxqaXyI0s,-0.1688255916039149
0,1L4DgOsBktM3k__mjuaowgGt0skTltB3bixaT3TSBWxE,0.0029580725563897025
0,10kPbsBGewCKeB1hrWEQF6pu4LnzWz-zmvgSFlpI4s2w,-0.011065353949864706
0,16UAIdOasWDYIzHCDfp6Cueh812ajCMrfG9emSNbhSqY,0.01218869686126709
0,17Nd4kWfbn9o0KGntYgLoam6Wz5PCnCJH9SA3NgpOfm8,-0.39751455187797546
0,1Dmi9x9oWo61TeTDeAwzSJFSBUN3IcaCY0lD5WA0T2xQ,-0.10919715464115143
0,1Ly4Yea8DCeK4Bsely_wzLXJ8hRI9nJ0L_2bZ44QoXKc,-0.7676512036058638
0,12JZyfFlLmgLZhRRkQuu7A61SyYSihiGgEOZz8s6-CAs,0.485556423664093
0,19TQqp8_bb3cQTA5Xy8MvdIuSsJ32AWoHjpEa_uqH93U,-0.7723172962665558
0,1gNBJ9z3nIR76tMDUJS1khh5HDtnYLwKhqIknh3xNFrM,-0.7943381799591912
0,1AUurreNoeAMRFPpeE3yfUDOP697LrFCaMn5uWSKyF_U,0.43953612943490344
0,1XLr-Hw9-L7NuBCvVnmg5WQFc5zOtVFV3k9_gjcR6HuA,-0.007483333349227905
0,1-u7GWlrm0aouWRD0r2TCYVZMQJxFQYSDZd8EC9oGDZQ,-0.05461667134211613
0,1MLLuon7iMfnwuh-MUhjKph-hLzfz-YFjMNan-iWnYUw,-0.3057470987824833
0,1RJNzsA5WNpuBg0-txZ0WtOj3B2dWI1wrSNoduOKJiFs,0.1805111931429969
0,19mPYtScZ8dWP2acE0ZN_djJI_yeiaEutMa2abQGrLIk,0.20042582511901855
0,126scFBJhZRuZUy592cB4gdS4vKLQjv2pfqbqWYNvhu0,0.17268666099099553
0,1H6P3TJxqPUHa8tqCTZq9pu8M28ryluUZhYuj0_-8nAg,-0.2852413058280945
0,1HbkRMrtU-O3lJQK-s0zleNRwLTlROgOVVLNqSIByuHw,-0.24725601077079773
0,1snWkE_k_DV-glkX0AtY7j1sRaf75gheuhU4YGy2xPuo,-0.3286650975545247
0,1fX4buhr_eVk_AATuH0mzV8iBnBdfr1SnYawpnnrkUMs,0.18227317333221435
0,1QrUt33_b9XuEkzuHt6_lNmH69oHsxO1nZjxiWpZqxxY,0.33348143100738525
0,1293HUZ8SqwBPerOjnX7iLvj9Vk4hugB2H87Z2f7ijkg,-0.04852850328792225
0,1ZgXE8ETdReY1yJXLJ6j6qaX713Hmnodve-JY6tdHTgU,-0.05401870765184101
0,1jEjKhCzK-q-AKYpR8vblbcsRZRd1q_a8CUVpx_mWjoo,0.9987106919288635
0,11UJ3d9wHdc2aKzgImaap0KywjkQ5uf-QxOsTzS2yIwE,-0.3013933300971985
0,1O_tmbWQc8hfYhfDHnDKHmv93gy1ZxzLzLhlSgLwEpHA,-0.11730417236685753
0,102eAcYEYzGqxEArXjCIHlxYEeWdD2wZbWML0vdPiDRY,0.19154675006866456
0,1FBuhjrUFMHmi7jAOkbsPuj-RunPpGXWqxQ8x-6Atj-o,-0.16304864937608893
0,1JRHrSkli_NlktVORLMGYy7y0239twEo4Kq4IJTGmHLM,0.14818019615976433
0,14ftowV5JE8AU4CxkYskmscWjAZcbfFRKVvcqT_3rAkI,0.24362509250640868
0,1OCcHtKFPW08IBZgFZ8PpLbfeIz1-TT0-O70RBxYuwEg,0.2546669150653638
0,1-Eywce0bP8OVFwT8TTXED6__kkSpeGVzoANRpX9pO2A,-0.564535277230399
0,13fg-NAHnZyuVunkgDKEx4nTE1rdeIIj60noUNcTho6Y,-0.5974193453788758
0,11sAA7YIHpeF2hE0Mx9Rs6DXaP29CbH4Pvcs6rB5o3W0,0.23701825737953186
0,1Hu1S9_r_pIscvOmUP_yBHrM0HEj8LTOLeak2k3Rna3g,-0.12729835510253906
0,1XN_zhJengY2hu4JR3uD9K7NlzHvcmqieYOy0KVllExE,-0.5263198869568961
0,1ZE8cP04uyRXJ7cuWiwFQAit7U3VBhZCRAB4eI1HlDmc,-0.046494631663612694
0,1AFVhZuAaX7-H1tkzunT-MBZciRKObAVLis80O3ieJVE,-0.34132372935613
0,17Mtzn-lVCFo7ylTwpWR2zivG2_QvoD0KK7C07GHIwzs,0.22851783495682937
0,10QiZzozSlZdXDIfIj8BG9Ck8KR8tJBvRgc_6s2LTmlk,-0.032609443664550784
0,1C1ySMK7NQyJZ5Jzi_uJ_hIICOY8nrUIqh0hh1Opw7BI,-0.011305208007494608
0,1gVeOPT1nFlC8xagCKjU5pPYNuRShH8rzX3vx4FfQLNk,-0.10702036435787494
0,1eYPZGJsGosz9Gtvj6rkCkWqtRpXXt5qg834o2a2Ct64,0.6936404241455926
0,19cNCUT__tAyAZlBjpuzd0mQlo9AzKZOcffhqSKL7vvI,-0.2343929409980774
0,1c0XxkVRqD7A9AoXpqIC696_ZVy4gHlKfYP2FpNfAFu8,-0.3196104367574056
0,1g45aoAtuLgn5SpHa2-xsLR3nMv815_Y-Y6tnsz-vI5M,-0.17103395528263515
0,1jd44YlYJdwykvvXgLg2TBcyyMRvcG750McyujD4Qjvs,0.3296170155207316
0,1Wz8dyM7U39fO3TZkohKGvfGTL8INVi9vfWN-BEBjTLg,-0.18415645360946656
0,1vo9e0omPa8-SFNiNMxq4XREIgqgjAMaMDg7_xm3se9c,-0.40951742144191966
0,14v9HsjOKqB7rBP9iA50A3px6SiNoljRv1U9gVz73ie8,0.1643043068739084
0,1V0D3SadrNpGZPRo9Wav_yDUXdQFcDsLcSzr1Uz1z1Ns,0.4261818677186966
0,1-0kFILk1ge-allKF2tJGAPhEFk9RZV3U-TxfRNx1kdE,0.9963123798370361
0,1DKehJ5_w9uMddQFGYeQf7QW_TKjhBoMioa9ta_CxJQg,-0.1989345153172811
0,1FfXL2K4XbPvIo1sQxC3hi0Uteoa0J6NoQ2neEB0LFYw,-0.16003073851267496
0,1XUYzzZwizX0VlZHpbquUx9IZY479_s9SjjMKPLJRg_g,0.09518503329970619
0,1_V4xVmMIEGzETnN4TAb7wAn4DPJ2SlxMT1miy6-ZZ0g,-0.16774338483810425
0,1K5Voz3T9n3NaGNhPsXjylXBsN8FS89DusOvjFPcGnlo,-0.6705330578904403
0,1_yHxcDYYZ70qfD3xQxlysqjZyVjUpuxINmRlfSoO0vo,-0.1959865629673004
0,11WQ4DTHtFYW8jWPXfQACvfBMFQjE3GxV9Yeehh5jAzE,-0.5134939700365067
0,1iXN_QzIgV5w_YQGmkTA7AC30ZFUtMGSLc-Jxg2lWxBM,0.047116135849672204
0,1suXoCZKMaKUH5jmnsHn5IBMp2pFD3mhNBvWdoKfxLe4,-0.1671290397644043
0,13v51CI0MziMn6wh_A-kq5NQ8sB0wafEWMi4sqAIdQxk,0.13784906640648842
0,10AgRWTI3c2RxsYG_twSpQKhmKAqF7clAXCextSdrxNY,0.6704961569870219
0,1fn3qwzQOfUIpVMSgU7IWjjxggVl7uY5MbfIOLcnclok,-0.9977906346321106
0,11o1FBUqFewM_Bv1_ShiCoT1tQ0HPAMzRuHo8BWr8Rdk,-0.003056652843952179
0,1jWQtY-XCTrXrLQTAQzAYKDoJrIaaeUQzcMqadM9AbP8,0.032357776165008546
0,11njiXJT2c1dhF9ihNnMIjQrwNr5IOF1FHjXgZ_0IcG8,-0.2507273405790329
0,1bD_KlqJ3oauM-ENEe2dT3FW_RLO7GznjnZfTc3yIpZo,-0.9904351711273194
0,1G5AD3HxGVlXAV86psazH1UMhCnwfRqKHQCRsqF0u1v4,-0.2774969679968698
0,1_Om3ebgX41iouMqSp5tml41l4duJcBiStUXlqYKJR0o,-0.5760665373368696
0,1uFaedKnhgLgNMJs832r4bewYuqm-_sZOIBDvSKSC35A,-0.4839048981666565
0,1a5lb4UshlpTa5Uq-o5es5tjL-3kiyDJhFUdROLNN9FY,0.9963123798370361
0,1ONn7Fw-JoUxLYWBEXqebZFKvhZgFV_jrA2RRBhANAcE,0.19314554062756625
0,16UxubR-ODrDQwYamMCeITl6DzZlDqSXVIGn_UC8blBc,0.9963123798370361
0,1dmCPniQPjwbrR8LARcdSeCN7PaF-unP7OJ8s9OGHNw0,-0.38740853326661245
0,16OazmrDE1SKWVEbfYG_4WmrXkcYS3kK9bRTll-aBmCA,-0.589542107148604
0,18w6PueosIjcOFy0alp43yZW_4RPbn1G4BP9gUI6vcQk,-0.43302349249521893
0,19Tp4ORd9AjzeNUMad5Nggx-aFeN1v_fER3ouoWZqars,0.9968782663345337
0,14OM4k3p_CxjOJb5-m-HijOcG9BHC1STlVQsj-VqXGvg,-0.11296532220310634
0,1M_4hzaOWsMxVUDFwvNp9CE8D-W0nd_yPDxJkHGZQbsc,-0.09339925876030555
0,1OH-I1g2Kzx1RVS_fyDkcxZMItt3rsJ8KpzlrnlN984E,-0.4381362625530788
0,1DVyJrkyAaHfMdf-VfjBAq0LVy6pGUOudGR03M6CkKXY,0.18511656820774078
0,1XlN-ltZyZT_gYU8u1PxJSg3owiFWVC2FeZPE8KwInak,0.9963123798370361
0,1NmjBScC9NHGqIZ5jXUCxcJFzWAxzL5DLkV3XqAZl6Ug,0.40343174764088224
0,1EsjJ9y1ZBZu7JUbbuHsnbn8CG697txfyk86YSVRJKWA,0.18180092356421731
0,1iWzINLhDNSSe1otTg7Gzqe-ECYeYKBmue8MtB7D41dA,0.5088268592953682
0,1Acz3bC1KiDd7cmUOP_T_1e8UYCG8MF0JMIHjav7BDUs,-0.31022224643013696
0,1UyYMIyYaFPzxcrjAqjMFS-HDpwQbe6pLLxfKbAVHVuk,-0.5219726775373731
0,1f2nKpmZZum3VVddu68s415RQxuw8LVZk7rG_R6olilw,-0.1820939113112057
0,1IzRxgvHNibkhCjaxtppLRtsJj2L-L02geElXTASAmCw,-0.12019560907198035
0,1d0dnRQAWEWzTZnQGtXfaMCgE_FPlpUsfGXFA_W_t4S0,0.2271739959716797
0,1CuMWX2Atun5diQLJJ6VkgvaXjmntma8VH0Kz182F9TQ,-0.06651598673600417
0,12LAfTDsgtw_jWrx2TGD8xkVZbVTvgvDRDOke2p4U4ao,0.9935362935066223
0,1Ch49Vf1UDUqbro3rUayt670IOz_8unIolSa-cr3rcbs,-0.9651768207550049
0,10IaIMJ7ZF4eQU69NtoO5_fmHf7r1zim5Gofaaz0gzNE,-0.49992480186315685
0,15tn6Z8YbVlZF84Qv-FG1N7hSe4nbqBGdZxpimcHCKY4,-0.323734340213594
0,1cbpcwjatKMXd_iE_CJzyAwpPt5jfxrTa1yGwFe3gOjk,0.40142911672592163
0,12atFINzciJGisgex1C6uACD-oegCFoikLAkFeyEcxvw,0.04162545800209046
0,1GGB73rQT9IwCVV0buIsZJMg9OVKfD9h1cEDk9pcTub8,-0.18305760622024536
0,1JGZWsfJAtJ7VhxMJIhU56rgB-IEJALnnHCYHE3NmIe0,0.17788132868315043
0,17vAteNnkLDWNWAp8cTf9AtN208PXEU9D9dP3IVQM-kU,-0.9951708436012268
0,1I5w1XcjB6531rsjp1Kg_CixTEt9qf9CBXfxci012I14,0.06290929254732634
0,1SJ4EHMXwqH9HCQdCPe1OgYWMlnQT2FoseU2E8kU7f44,-0.12605063120524088
0,12XGfxV-ejrpX06nKsgLBQktdUdzO2X-an4v_ciaOymI,-0.6868456516947065
0,19e2rJpswZ8rzTt-auVOF4nGOWatq0pgLELV-a1M6mj0,0.9963123798370361
0,1GBL4l7bY2ylBFWL5VrURAJaXZ91FQMoyMIP2IpYl46A,0.1621390093456615
0,19wwtOLIyc5dQXUYeps8X_zYlS-v5HLWSne69RUKo4bo,-0.3913488331295195
0,1UaK-FGFIl0O0TtJ4M6n4DHbTj-jyJCpSbk2-hOi2jUY,0.09291297495365143
0,1khHjguUwVQJdPJHKVDrW36NrU7ZGkc-Ccp7ujH0w8t8,-0.5628952894892011
0,11OnMcA1bqqGrRbrDX9JAB9DsONRbQfjYhFSFuGWxloE,0.10330499495778765
0,1MbRB6aVRqlpzdp3dyPIvRv74mYMZygfadqGDw8N8X1Q,0.1776666107930635
0,109opR1iRA5WkqHaYYYD-4e3gE5lNWq4pcf_FUNeaybY,-0.999494731426239
0,15hwIWbMYH8xdMzB6CVIgd5Tqs1nhP6QZ2EYqdQHkI34,0.1298794121969314
0,133FA5JkONUKmNfBUxMondcACUzUmVbj1E1_40Lb2iFM,-0.5538480111530849
0,1LV7UWZKdUHErt-eP8ZLvMxmCYbRk7YawL-4m2Y7qLoY,-0.433496583591808
0,1hcjDim8977GB-prNRezQl5Vf7rtPfEhKvdK_PMmhqLQ,0.03749167124430339
0,1JHC6aOC5nIfGe-g_WdSKj6pRgbehh0cQ_7Z9DU4mk7Q,-0.14752293768383207
0,13H1_W4QBb7WrhlZOcCiZIKpYsp0g_YK5gbG_4vV7stU,-0.25589189621118397
0,1ZpyntJ4nttTj26guUCrFea5Lh30KZJn_53IJVH3CV5o,-0.9098710715770721
0,136ba5GICIzH2g1qeyRJe19fG8yzL3G6ODo42WpdB8Sk,-0.5541929403940836
0,1TcrIW7VqnWLZCbpBumSv3LVM-o4OjH3fGmd2UWYsZss,-0.01170835996928968
0,1kDzN_C67B0rS0EXH4VqsWJHoNsDJ1TF0zQY32CW94h8,0.2822218934694926
0,1B26rytRuJByyFa1_33zu5apDsp5vI_5wOrHW7N3o1Ac,-0.7049054418291364
0,11-nLHxTcd0LGgenaZrAifrlrJJWOEX-W-bJqK0eVsbE,-0.36319611469904584
0,1ldR7CwJuVZh7tY8TNPf-30b2GKRUjKY7IxD-eOAJJvQ,-0.12873055253710067
0,1-1KKGe-zRUPhQdyruMbubtxbFS3fjykM7sQddk7DpVg,-0.2117385466893514
0,1T963l66FCoR1lJnd-lVcFYX9kXF1TbnlnBrB6BKsSQg,-0.8231664337217808
0,1lIVnCr_8G8Q8YgJ9SnU-isclR5DH2ie45IvmtSzx4xw,0.0998424334185464
0,1gnQ9pUQliLAGA9imEwQQSWQe5na1RWQyPTTp-qmhps0,0.30608622091157095
0,1CIkHlfj-gzextkPQLcIYEY_Sh4pSt-Il3GXdN6GnDrQ,-0.9156824052333832
0,1-_ZVkV1SzNc2QpKK-6QB7TdkhnTma_Hbr6fyoP3Ub1k,-0.002695217728614807
0,1y26yq2nDR20fIcGYmFeR7tH38GJ10RZA82rXr2qtOIQ,-0.5924814820289612
0,1f1T4S6rfmM0Gb5E0DX98Esx_U9qokBlZ2v6OMfzfmK0,0.23072272080641526
0,1_iT0Q9StdGo4LJHSFaPgQqovadeSrkF433cuaCVrBxI,-0.32264483637279934
0,16RLoFpJPyUQdqOASzMGeE8yuPMm7ajgsGCOC3ZDCHQk,-0.9979854822158813
0,1r2Wphil2WSuv3ucmxY8nFMMFI4eG7p-xNJUFABD_Lmg,-0.002156853675842285
0,1Im1mJenOIe4l1cH3q5ld6Go9gnXTeHy7Q_5qmulULho,-0.04030200995896992
0,1axt4zacH8lET2YyCIg5nnwtKN-JhTd09CenjNH3i45g,-0.25586763295260345
0,1EOa5UGgb1_rMPffK_PH18hIiEjUo8k6b03tcPiMgo6I,0.0567376434803009
0,1-ZcoskajobJBQ48qA4uCXuESpKuWEHO39YbLBBc_6Ro,0.2905367811520894
0,1KvltV6Rvwvnm1J35AWcl4Vy_OSCQwA-M96H_Sr_q3do,-0.24367953464388847
0,15pcVgt-v14Ysog7MPc2gqins0wox7oSW8P_HtOoGqLQ,-0.24181170761585236
0,1nfaU1JhlGA-COzTFAWhtctoIQyq62xmSJABpo8vpKW4,-0.536151573061943
0,14W1lSsrbyF4Zk4eSC0ct1889gJSCuHYXiqZ5X6W0_MQ,-0.49318066239356995
0,1J_NXQXuB596SAGlZgH69Wk01-OkX5UlNt29RcMN3nyY,0.40177682042121887
0,11JYRE3P0RhSGtIVPfAXtqGVho6f7z4A_07p7m4SE7Wg,-0.09355405221382777
0,1EvCGUgXNtJkx9PVQQpyB_MQ2FsvEj5GFCZQAU0Togrw,0.14367155595259232
0,1C3ZYTk3IyUnEgDa0KE19myGkvn7G4h06iadymIqqT9w,0.03890472871285898
0,1gqDLWX3uvZDg8Se1VVyEU0Ah2FseaPw53bcH1o_YDGg,0.13994583913258143
0,1XiAMdGdp0W8216mvYqWKTXKMAUP3ii_GhArAPPOIRr8,0.05886771587225107
0,1-ERHo0xjqBkquAwkx-5ERjt5NDyCgMF3WU8TA7fuNWw,0.6704927285512289
0,1fymeha9W_RUKVw400pyPRwjDL2UBO4E8zuch1S27c6Y,-0.9978984951972961
0,1zaFHiBZpMrFQ3aMVqjGiggGRsu66OlsfSxLwmKeYFNM,-0.4041190972694984
0,13tC4K3jsiBLBpUTJ6OY2LZRF9T0afT4dKaHKU8K8bEQ,-0.24068400106931986
0,1TUgzBkaMvIPo93uXIAEUnqNoSaVWBsNtfF2v-GRp3PY,-0.13390153646469116
0,18G38iPltWbrggT8bJpkr0JAA49JEFLxcQkeBwuxm-jY,-0.2530302405357361
0,1N_O0YjX5-RFojquxGlQ3kt5I4CpO0lBTUzUyQV7qem8,-0.1375743533883776
0,1OasiFCN05zxsnKy5I-KQ5xNezoK0U6V4UJ0ALuZY9z4,-0.5352244596732291
0,1GrXzlrkw5SOchrjD2J43MP_zJzV5LQmWkp9PvW1oekc,-0.639307301295431
0,1HooCY0tgl8WGCosyhm2sUd5t0wL7z4zomydBMYoRqsY,-0.29407425137127147
0,1TQAV4Py4qLvyE4-sDqlpUdLzXZpl71D4LhIWJ5Yyno8,0.2194688767194748
0,1dBNjnyO9jH3ZEViaW2ywYSgEKO1J6EUOiMhewJsXUKU,-0.09016737989757372
0,1QyO3zazUPFnclPhMlOZl-w4U1Xzj4VcZj7YCSHE79tI,-0.5289223705019269
0,1G633nNICGqqgJfrbr5hFr0UfFle8odwXI040UybqxmU,0.06682049540372995
0,15KLiFVUDEcL4AVlAmOodymV4br2Xd_7ugfXTmVFyDbg,-0.08206282212184025
0,1QjHwU_urwc88P7m03Apn-ezBmCV9FFQryiX6qOxpX0I,-0.11514762706226772
0,1-PnyAHs8JP_JB66QPOu1d76Wc4uznpe3HiOVF9_1ejc,0.6635273016161389
0,17gkBIXy4oJtwEJk4boriPTvSEbcTNhLclhJ2fq77ODk,-0.2592525879542033
0,1Lv1PF5FfB1idpM5FZuPr5IkmeXA8ym8cWFAw1L6VDqg,-0.24765025824308395
0,1T1JGzEZjmNXDDcZz231SsnOVWDujmGvk161m2-WOzy4,0.26257236437364057
0,1TaIMRtafyOvaDYNKEGaiu11UWvEkUpnM3PYgEccfcds,-0.04213533276005795
0,13AoBn44S7LeKnsefT2NG7GE30sYxNjc05tvmRYcI3w0,-0.11554124454657237
0,1FTiSH4LAEvf2krqzw-RTeYpItyAcbR1sa-AWKdrnCYU,0.3111974398295085
0,1cBe3Yr4Y4huEZ82VkzYCPDIDS23b9WWcSSdsMiHh4WA,-0.3190144260724386
0,1A0H-yuArcy1hd_J-F-ZasgyqTt7-6oFyfqS0_meImJg,-0.22712993952963087
0,1SJutTo60gdkIeq9S1_Df7u6ux7AG3XwY37klanzfiuY,-0.3487239565168108
0,1VKW4bcpOACNQemJyVQ3NOWnRU4QGcwuMBUVtV9Na8kE,0.087939514355226
0,14VUu3g8Jy8ERFE9pNXcz0LzU7Zd8FnP7MJsZLMi12Hw,-0.9905321768351963
0,16aUPqUu33NrZ7IrqctrtMKjLOsbZMp5W05Lqb2nSaGo,-0.00090751051902771
0,1JVutGaQbo3_vnjyxXsfGpAk8st3uvuKUU8FkvzgaROY,0.09286050001780193
0,15yBbpcueDEuw1UTDymUXsOjRrD8SzSz3LsgHcgMh6Rg,-0.7435753875308566
0,1E94fpBTn895m2qHyT_A24_CK_PYlXs8HIKTEdzOLtds,-0.17564859715375034
0,1a8qD0SOOSnFcxC3nlRqWbtDODMwBGnI-uRnwEYUVXsA,-0.20600858926773072
0,1CtVoOGU10ER6oP_JhgsyBapUFedwz_OvTaQum4kG34Q,-0.0777170520562392
0,1NMgde3VIoyCCVBF2tl6VIF5jS7wZ-e0P3wQAVPsb3eY,0.053138516451183115
0,11or6YWIvWg3yBCjQFqaNB0gh0iNdXZef4WnD44naLuU,0.44229502840475604
0,1BrzOugjmVC7t-TgF7Zr6ocPDlYfa25EEVKZ37hMhGS0,-0.9561045103602939
0,1MXLWCD0Z7aCIT18H3QhJ84sfHBd1887hM6P-L_dTjos,-0.4198455015818278
0,1sORa8-NqNX_qrWekB0ltEFsQVHP1MQA4-p45O8bE20Y,0.06637692451477051
0,1AcKGTw_f9IonfyAj0NnreVzEC6m-PIV_qyVJM1-pxQ4,0.9963123798370361
0,10-y0T2KXmSxvlUXjape6cKUWXP03tT-42mIC3TrbHaQ,0.2522430988875302
0,1LD8QWm2Ifk2VWVKcQya65PiwDfzinmhFpYCq7ogMmz4,-0.15313337246576944
0,16QliEY0vsyeEGo2yyhDHTxwnCacytSPif86juA8oRSU,-0.07109317779541016
0,1Ql1X48emeclfAADHkwTyQaINvMBSKGKAzb45D6h-udc,-0.4095479935407639
0,12W8Tq7LMVHLJ7-XatJYtP-cWZVJndKI2LxuFlxC_Oxs,0.2952348321676254
0,1VEi6qqn_QxLlK_pZS0uadTMz-f8dXzo6r4AmFMebJsc,-0.47776432931423185
0,1P7WynqJFdqW2Q0tX2LRaLm3VNBWolicL-nODwcbpAXI,-0.22333866671512
0,10UX3BoI5udLl26_x7LVhnEYweyJAjGs8p-l43wlm7bY,0.3915688507258892
0,15ZcaE0RV6OMC2HwYdr85tgTmnGeUM-_LcPDFPpbfWmo,-0.5969091653823853
0,10yivlsr3s6t5B0DUqryOBgeHj6R1vZl68iOVTxynKds,0.49355243891477585
0,10I9tm3nfg1GVVs6KHGWU-xwwmN4-wc4hqLcDuryJ8RY,-0.5477078795433045
0,1XBKRk1tyMefRD9NOlL4BdSpQKyWAq9ki7_0Q_CwjsxA,-0.24107830226421356
0,1YXiLQ8g3PTjVNR_oxX0eKwSPM-FLOtur8Ls0ve3A-T4,-0.6230780929327011
0,1K9CQiVEFGfnOIU0_oaKHbpwQ7OcdqSggBH-K0dtpGQo,-0.22321124374866486
0,1AfD7XNgA9Qt8Wd1zWl9DaoRwVHpFsNqJFc8Ga2DcnNc,-0.465429433186849
0,1hFwlhEBdZJgcAOO9zNoSHTv3405lIp_Wb4Km7-YTB1w,0.21394331114632742
0,1ia5Q6J49QcMknH7Ke6SEECbkY4r5RJIP33jHljwhhvI,-0.679502819265638
0,1w9ws0DPD0irvvAxq2LkdFjPfwcmfiq0Ix_DDJKTsM5c,-0.10416798128022088
0,1M9VqxhgIZ0TaLSSaq_2YXgURXabJcC6hVnRyOwe-LCw,-0.47205253010210785
0,1JrZbHOC5vqedeVWf9Yo77V05IpixngHnu4Q83M9vDPc,0.9963123798370361
0,1WiviMr0G2bQYWOv3FYe4TspiUzJs4k1C2AKd_fL07S0,-0.18906402587890625
0,1D8krnCGOazqXxd-vRK4r4aFl3oXcQZ4DbbX131uWfMY,0.12829268640942043
0,1InXX_7OdCOhOjnjUzWbw3N3CqxLIGhcRcr95BoViKFo,-0.3674384554227193
0,1eK2mTOshuOw6nF-vn9K6dOiP7wbYkohOPbid7kkMkfI,-0.2699701660557797
0,1X61nbjAuVVYJ_nJ8ptKSkrqJsSknhyEGL11ZuYDx-ac,-0.934001088142395
0,10SnyyZsLmThlWW60Cq4ObYIxwyQO35igp-8pyqmQVC0,0.3692779541015625
0,1EDFXcMFOKkOdx6m8xA0wvECz8h2pjesGB9Q86ZC9zXI,0.1338904755456107
0,1agTsdtD1FkLjBlhDcFgai1TcnERdBtoQCXFuka3BLpU,-0.09784821271896363
0,1j7zZPCx3RP65PO_FwcehjXlglwqfdM2kiv2e4Ey-QEc,-0.5593828218323844
0,1BvRoyxIOguvHctzJGPeHETaNbm4fthhFpOGfMFlDiQw,0.3290226658185323
0,1ilbVOtNlk2kY9SWAjxu93bR5h26XlTRWnlaQOi8VIvY,-0.06016187866528829
0,1Tme2KA4UV35c4tEI5PQIVFknRfR2hDIXHyNpVS0Df30,0.3845808307329814
0,1eLzS1RQR6AZOU3kcNVvdeQ_2kVEm8ilGhqYf1Dat27E,-0.05127653053828648
0,1GTRJpxPQcly1qzsg0kr8eJkGG8pkhpC37z1ZxObEIjM,0.008169942431979708
0,17ft2O__R-OSzs1PURtp5eTok5PNaZEk8i1GwqREfYvI,-0.9908818304538727
0,1hMNlpIHkeed3KAUOOmII33k83ufl-nViZ8WghB2cY0w,0.06868128776550293
0,1LlrpivtDozwDCT8NcdfcZYzNFpIPuG1GIE3fWZnhkrk,-0.05469558168860043
0,1EuOvafkSsfAB7K3-tjjYKMbtzOqlHW30LUrjUP3lHd0,-0.004466446963223544
0,11mHIX_M1B9L43CemKgYcW2WKqTxcGRYBQJL6BcNWJI8,-0.4632587111913241
0,18ROj0SzGzyTF6rgmn0W49mglcoyRPXON-CyIMgZDXaU,0.43836384614308677
0,1BcvmjUk3ILYR25774iiMXM1X3z5eQVMpNFX5PFyBEQ8,0.030594542622566223
0,1qNZgSa78TSz7bS705KsTuOoU2us9iS02sPgELqX1zCM,0.012517589330673217
0,1-CobDV2d76y7N_Jq-FcSiGqQQDgDlhsCmw--fSxX-C4,-0.9688754081726074
0,161qSkybEsest4y_56lstc0tm1eibS_mHbrdBIA6p7Ws,-0.018629272778828938
0,18pxWR5mSCUpxFvwJtbgFbgSujiuFcd5qTu4JmkVzHdA,-0.6542014139039176
0,1FUYunyordF1vJx9lkyKn-3wn40uiaew0ppZVF9qqVng,0.13109517097473145
0,1UnF_2s4BJzbDLEUGa7Je1kRvIi4POd2-QoMfU-1z33s,-0.5937572121620178
0,1cWdXBDtz_nqTNVRT4KYR6XMfFEYJPZAWJZyMrSLtJt8,-0.009441445271174112
0,15uZLmCcn120RUWXT_qWGIz2Yjisr9ANLt4Rc4WlqBlM,0.12631145971161978
0,10UdPbJsSdvNagc6gXMGNAWpQ5AKnpVecshngYJOOYfk,0.10128962993621826
0,17NGG3d8lC76iBRboyGhf9S2VX9e1KfpxtppaVEwAUjA,-0.206782354758336
0,1bs-eLDGbwOLr3hQx8QcbDtgm4uVFF7IeZ46YK34fh2E,0.2880701422691345
0,15C3oP4egaBSkovVV9QnoX-NbKYM9R_KVUGSyFBDdEM8,-0.9990372061729431
0,1GnEwJctWEPLsSAXn8n7g4wi72qYCqTKz6WZDKErtclg,-0.2747378647327423
0,1B0ISg64Gg6sSvYJ3AVTd8_xU_VJxvkIvJ3WsGVE6qS4,-0.20880182981491088
0,1751aKCn3VhubK7e1hMEe29ZH_NOfUZyeoxp0UTr40FE,0.0171525776386261
0,13vPq56NRawLEVigh3KDkk107ECTb7Z8uJbIAqXmonTQ,-0.13518732218515306
0,1UXua5qY-4e6QwNl994XEv6WRPsu2ZztexlsiJTeScsk,-0.047854624688625336
0,1fhtzqG8qsFyLFV0UpTdnJZvlqyBY-nbxi8l3TEw-yF0,-0.6968149202210563
0,1EnG0kgtiPBNC2UDdv-MMrZSyFXG3S8M5GAbn2lmZuC4,-0.10029389129744636
0,1HyCVx2nN9Y-b5dElFSZPpsooT8Uheyd93sMYoAVwnmg,-0.06900854508082072
0,1AIqP7X_0p71a5zLaXvBHotvYnuz3lc5Y0osMrNTte8U,0.18429788947105408
0,1LzV-BG3ffNkjPIfxZoSu2Wq6F3SrSPg4jvEcU4wdkXg,-0.0625746438377782
0,1_VuWfzo4bffORCUs6tD8roTC-4kpm0qWZA5l8iAVvVQ,0.4415805379549662
0,1Sx9FpQJHrj2F95q9m7qzW5nWW0D5lwMI3lrxQ3PmOLg,-0.4050096333026886
0,1bbWXorwKusFtVj6aq2KB_pXopYOYdiuP_u-V6gYn6a4,0.15382351373371325
0,10_9dA4J0PBZdoQ9C_Qeox7_j9FDBXhF3ZFJ62mtkj0U,-0.21774629147156424
0,1Ma2D9z2-rwuIY0PAojFa6U06hPoYxHjACybc-qLH0SE,0.34045652096921747
0,1aOtywWx3htB1qDXpXb--VhSTMMiffESRavq7Rzlk_4U,0.24879933893680573
0,1oJM0pKr9hFqHICwpjhVX9DKlSf0KfXN8C9nF2XyFWIc,-0.9783478260040284
0,1HwKw6piC-lTCWTOS9ZTpD4mkF4SdXwbLc41CYwYPcyY,0.15138791736803556
0,1GiEnOcKbvsyZP0OTVFgFlabWA3hI1QnKc5QZlbqen4U,-0.01723970685686384
0,1BKunDYuyjPXXG91U7xD0kJalfOxbUa7VmFe7hc6hTek,-0.17302228344811332
0,1M1EWmuA8sIzMBvrTxqbqHJCaDcND1pQTI6uqW4msgUk,-0.33781800667444867
0,12BTBTGD3acPyb4OwogmktHafPQ2fkezqSbHbEymEzVU,-0.3290291984875997
0,131npVBD8N3PBdOK-sxH0v3UGi0xoPaTcqljyQKOo9zM,0.258588487193698
0,16d50M_p2HEYSIWk7Hoteo38UQ099vTam9AqQ5yPfTSU,0.11496973699993557
0,1364_RDUAadfVpjdbvTn8UMoKe8a9R170cMKJwHPqLrE,-0.021862115178789412
0,17dLABsq9bwBBL78vbMV48YvitD8PsCjLADdiLGclUxc,-0.21628692888078235
0,12SDNuq0oTyUOYsu8mZUkxgEGLqFNHS3_WH1aPbPxbG4,0.40992407004038495
0,12Uhm7DNo3LPVAA8z5BnS5eSslHKuuVZH8xVtkyGhJbo,-0.30550849721545265
0,1kAJOnGcDVqwU8ZW6O0igMptRj0pCtAKH2H2OgPBa68A,0.023292293915381797
0,1nrFVOJk4z2IBE6-RHKeVnfAUjztEnms1AShsM7Z2BKI,-0.22852195684726423
0,1ExWPqWXOOVzM2L7YV2bu5yatnb8OcTJmXBwHZ6PLWv8,0.2771045118570328
0,1i4YHxQVAl6C9siJx0jqLE6iP3TTVu5T3wDDrk1J3CEU,0.45975478490193683
0,1JL4GLsvILICc7lzJHRmXwfxqpaS9WlF_qZJ-GHPLzKA,-0.08550626581365411
0,1IULixREGD9c_Y3zZBASaVm7WgRy0SddZ_c9zN6eXjNY,-0.9976496696472168
0,1TNGFuqsLvxGIQSpGF6-sxqJu7TDm34MTx1jB2Xpz1po,0.019131159782409667
0,1GkVMsWfEAAe5ur6b_Ft9phmORf5vkA7TGQqFOLaURS4,6.034970283508301e-05
0,1Ox6_RklJiyk1r2RTtCdqDnYu8Dppn8nnF8vrXOcpYeo,0.2670914630095164
0,1a_LHADj772mqFXEBn-qe2hESTvU25qeqpk4_oQg9kXg,-0.005733910948038101
0,184-PZGFUeHOrZ8UCKkhHLHd1y57KL57gSqCrQyBiymo,0.03757752870258532
0,10nl-JznCmsU2rlIE-OjXhGMkLg8l41JP6kyqDfKJ_FU,-0.4307678001267569
0,1Ys2YgfZIfFISD6GVvtHq20QSmAH7Qx3xb3HiQTAa_R0,-0.08862986266613007
0,10n2SpYIoBXvh7TVbFJiCyDY_J3upWbppsCZ1UfImOmU,0.8234096254621234
0,1BTiXW5Lfxg_U93Zu2i9EGvQcCHPVhfajifbOG0-b4LA,-0.4087505165268393
0,1zzjZpnhY7ASxhEj_uKcHQwiJtuNkPLrrexmiLR2NGOo,0.03882978856563568
0,14-GeGOZI-DwGz-g64Rc6UaW_tRhqYbPn7BDEU3c9XYk,-0.5780602991580963
0,1C8nftL0Dlv56UJci_WJETeIIsMXCalNCaCPwsefH5sQ,-0.3131588002045949
0,1BfLNFuWw6JDQG52ngOegIX655T4lnpY2jU8r-E2L6O4,0.4323144555091858
0,1LRs5jj7K9vF-sKsMeFfUt2wDOxh7qGf0ZxodffdTQlQ,-0.23916305229067802
0,1Adsim_patXsrX9IWg7M7BYEBjKY29pg3ia01wjSKqd8,-0.2597269594669342
0,1M7KSNt2ueGNGLUG5DIqtemXrdzHxhcLR-m2mAf_1lEo,0.17056259512901306
0,1LIjv3A4aVGIygtlE0Bp3b4QRZgqemSe6MrnDj1aBsS0,-0.5605665776464674
0,1l49BppzjZ713TJBbSOukkXIxDZ_6rA0jXmTmuwpo35Y,-0.6894694623493013
0,1Q25oIwtIRk-xrbEH8FMfn38xgfBYcInaEAAKdVfUAz0,0.11273352188222549
0,1QVGP9HygWOUB48E7LwfMWXjeZ_o09aiLRCm28YqqSNw,0.31730037132898964
0,1B2iSmNSXr-xvRzf8yp58FnImhZd1CwvQczzhS1Yo3tw,-0.1287624136261318
0,108EQWeu5FnDpIqXACzcR6qdkLC6ir-nGq9lWPe-dudY,-0.3326851526896159
0,1WoX0zr9H9HRf9Tld3KHdWjs6EHXYyE2PmRoTBmp_okA,-0.2004392147064209
0,1zbHRpgE5OnYwCCo1bUjLBbhNqJ38odkDQpHOYjrAaQU,0.006045351425806682
0,1ejz6yKtfeRUdIiuOeEUk3OO9w0rDXo8Ou0tGnu_t-90,0.3982086462133071
0,1ay0rV10K_9CcK9MKYA2p0q5xrBdCOK1uxloI_Q5U4FQ,-0.927668935722775
0,13R1-b7P0MtdWnz_CpLuRSjnaKHWZ-HodaVcqedDmtWg,-0.14174745082855225
0,1RkJy78jTzXEr-Dl1ByJMPAS1GEayv3N9FpXx3gfUJJ4,-0.2063001126050949
0,146ZSdxAlfCjE42NcaVkVbc_ICK4lTNMwRz8I5SvmgXE,0.04618024258386521
0,1-eeLsxpa3ozzsb7QIEyoWbZDfHGITXDiKMSQKZbXZ8Q,-0.5430569098545954
0,1YH_YCqAzAMxOnLIUMytBq5DT_Gt-pMAcjaU1QrJCsXQ,-0.04563103224101819
0,10KD6ZKiq6HMSOm4LnGhPwCqL2bw0ZptbmIvbLbmUSEQ,-0.33297045363320243
0,1akHWqzKh46tm7iPrfwrd_koay-PjQ0UY8ys7pZhY0Qk,-0.6343460516496138
0,10-dm1cxc-RV2cpJqL4nGDVdxQMtjDJ7djwY7PXk9tY8,0.02966544230779012
0,1yyHKNgTWzfEqbcSHAmFj6tls31cc7WZ-yWZLVuO7bj0,0.2689188241958618
0,1z_cnHCGx6T4pjyiN0odL4q1DsA8JWYebH8FNmY2K0FE,-0.007978338003158569
0,18ZWXG95IQ7TeGKFX8JS6Tx7SbUZdd4psxei8h627Zac,-0.06282200883416568
0,1-BXYu1bX0mP9BdrfUE3nlbaS-4y3R2H7bSVxbp4gFZs,-0.8713937004407247
0,11hNH1J0Jd13G4e0WVqdj1CzNQoAXypI7wdV9rXhbelo,-0.18742909034093222
0,1GfSpRsK1Z-_vDZAl5rw3fafplhBsrD9T5MGWFaHPoik,0.4714142084121704
0,1heF5QL1v2PWks2O1s39PNoOtFVTYs8PqNBaaDHGwoSM,0.18857784569263458
0,1OJ03lZEc0uF6UK-uW6u-XihyuSjMoZYkDEVUuWGC3xE,-0.9834752215279473
0,1Wyj9I2LOuTohBS1bwsB1Qlt4B0W13UrJZ82l4EUvOoQ,-0.4967270493507385
0,143TOkL00qgPC_2PbXxyHvTWInEG0O3wzpb-5DF1fnaY,0.48237967177441243
0,12gY6-mVppxGD9JE2Oxf_7xh4hJ3BOJ1QfVZQMxWEXIM,0.26666719976224396
0,121RL95QvO_ayUUu0HDncuCHyNMdN9EkJkCPrnW9VWyM,-0.09603354334831238
0,1POwQNK5XRDT193vp9w-6EjceKpkVKb8K6vcbuECIOEI,-0.5148821547627449
0,1MYr8DigaeVwMBVripFXGWF6Gvi7N0-QDXTp4vGV_A50,0.3605043521294227
0,131eacqfa9JAz-dLFX89Lh79u0cj9F-1xaUqvbA2kkKg,-0.08344969749450684
0,1eZOmCkD4-1H70YB5T0MbCYDcaAAjylGZgRjCbLW4og8,-0.12140631675720215
0,14CIpIiDleFCiiZDEqGddDVj8A_d0mxqiGz7Nz9tl6Jg,-0.26826743104241113
0,1MyfoQkRoI7Vox4lHvfID3X9bebGsnaMcAKI4TPx-gZU,-0.10911705791950226
0,1ATqLL510SJJVYIoQxOXC7FmnCnga6xb7YK1XwtzQ3M4,-0.9861769825220108
0,1JC8nm0tYyk7qBGLlFX5LltSdO3DiNr1ioW3KQr77ROE,0.3483504625883969
0,1gtuYVKKbjEJmceu73HRcv9v_NIIjEvsUIUyFzlSx7fg,-0.1815097207824389
0,1KiRVB__7ncdsFzsjitqbnauFtY3cXncgkVRTf9YxnEE,-0.025302717560216
0,1FYic6dHzQ9d84RquCBdPQxxQ9AOdydLHP2muxzBI010,-0.3178025484085083
0,1SXE6xmCJ5UT6bmshXhrmWAywhlGkuFWboZasbwZYHwU,-0.5139794001976649
0,1erejH_XrBQ5kJ_6z1pNdRbCIhA_81ldaIGT_LF7HfiI,0.14128880202770233
0,14jBov5n-3ZuSVIxW018IOtzwYvU2QzcvXvgROxHAda0,-0.19393052326308358
0,1A7KVrg__sgOEve0H17OSxpG-smQBZ6YNZoEx3H0PJ7A,0.011651498079299927
0,1L1UWM1M_vrn_dr-zcDLfQQ0MQkF1-_O5Vxsjk85vyn4,-0.1662804076546117
0,1GnJUmg3FJ8UsJpJEoVipJzhT8jwzeHT75Uu_yLhki7A,-0.09400475567037408
0,16rdGYgmgkZJkAtzwWuYEdwlM-N7XbDTdSLQCPUMEc1I,-0.171502099795775
0,1PccbTiGXeHWSNH9-yWxlay2-ngg8aUZulFDTDJD_4ec,0.01067255437374115
0,1MQIjRgiQDsHTNDSb6QcG06iBo4QvkMB_ocRtjyc52Qk,-0.19863953590393066
0,1SzOqJhQ5Tvv9F0yEuTHOQJHbhbzkBPar7ybrzySXTjY,-0.169570608385678
0,1FiEuW81vni8jkzI790Zf04AH4fYXNCbUkvtBpwJ1ob4,0.0798840698073892
0,1ATAJe39iH_U23e6hfUl1SI6CxBfb60HgSdFhLI4uKgM,0.11098197528294154
0,1CV6qO-IaBNAUJFFQtVxBxJ3PKUu1RTU5K28xhPvYbIs,-0.09543811816435593
0,1AsBQlrqn2gOnadh2ZfAFW3uF_hHztxPD58r3K3hjozk,-0.9736642837524414
0,14YOIenSXG6A2BKUFxhcsYx1fxDqY_NMt9jbJTu-Badk,-0.1461705764134725
0,16FvVTrQL_iJ6ecuPYZAZNlh34uvjDi1fyac5ETMm-Co,0.16831612586975098
0,1TC23BfIXU2BqwNJl8xgNvRLr7X5jS6Ozg7US2rLM2qI,0.16624404752955718
0,1aoPBFZpwG7XsRxSwOyolWiszSRz87AkgAyXB8cy7FcU,-0.4300165431840079
0,1J8RPQ97b5Jin0aswoxFsgt-h7w-NrVWBTORnCGo9KWc,0.6653207590182623
0,1fAvQdYnN1OPm5AaA8VpxaCKh2psrjfCucs0aBt2v_Uk,0.1318087081114451
0,1dEIdrPRdDW6aVoJ5-CQo-_lZ5wWu-DNUuxWsatEsHmQ,0.48784234126408893
0,1Yu3EtR4KSqlFxiVJfpeLnMN8WT4cFo9iesa5YIdA1bA,-0.27412360205369835
0,1AcwylH6drCrm_08LhH-UihYj7RXrpOBoSXF4RXUe1ms,-0.6646697620550791
0,17yO_YvJlql217Ddye7kVUJImaClVQgvDF1KTb_mpZfc,0.5663538700655887
0,1vcuqJzbipXKP3lKQAvxCVpQfwZfNPun8eJcAHQWh9vw,0.3562312424182892
0,1N9NuPMX6gXTVWrxOomQzDZRE_tpf4QdznUekD-nRoBQ,0.2483173662965948
0,11DIYcO2B_PXDivr28KN4f5z_k-ux1hl45sAysQF47Hk,0.9963123798370361
0,1swc_OyIOZh_SyjMYYMJB5TDmPhA8RDV7SyHEVi4m0Gc,0.06881637756641094
0,1JCpzC1kDhixES2HYyG-E0XLDGUdgugPu7lBWHP59q2g,-0.6297047278460335
0,1NL3IIbeCW5rc8ozQHvD8LTbRntQuYucpMG23_Pnamfo,0.005937151610851288
0,1TWI2R0GY4rjlqQQ3l22-byZ8ESIVzpnXaAO0Pr--exw,-0.0358045290816914
0,1l2EhUbLFMUkvalYhaS7YwP1RUbVI05CSJzY5-7G4gek,0.9306180278460184
0,10iLKjkjW95X6cyTbRwMchv5gBxBDBbO4cTSjOlwwwaI,-0.7355881015459697
0,12Ww84zf14zPoLNb5RgAgVpZRHVv778aHnv1jtev_ixM,-0.6581517159938812
0,16eMayJbMPX4HE7LBLv3W9g-eHWKmSimEJ_71mJGRg7Q,0.008224144577980042
0,1ileMy5bIqp75zOfYykA-C-GkJNdp6MswUkmB_8YHSYg,-0.028718358278274535
0,1jcskVKNf_RTPiyr-EK42ETgE1WkY8sVhxQJeHDa8LDI,0.2303795185354021
0,1Tn7B__efILC0ivVSvFgfBD_qhHD5J7FmoeUvOLLcO_E,0.061328488237717575
0,117Xkr92GVNomY0q8b7T4NlXTvf75tjtbd8CtFWq6VBI,0.48690523703893024
0,15erEZ0wyG7J4Zq-M6p9vYC8J3uQwBWhm-P43JaS9naE,-0.14710954644463278
0,10WU21EGxqSkOxpFXH5vfL2Muea8_FWfARi3JStGobYk,0.029893696308135986
0,1UpyhjKMwTU2_ssnyfhZNqzp8SB9zdRVNABkXDmWmQk4,0.2957707345485687
0,1iPML8ilTnVaQg8c_e12PrlVYxIbc5XQBJXNdcxXTuS4,0.29758376545376247
0,1Zl6RiP71hYqFtpp0cLbgezO4nYRvuqAk8xsgKoBsRFE,-0.20113943219184877
0,1-srOGx08y9dUYztJL2jT1ZpE2tjiI7uJhTsnmBg1S0M,-0.7001517415046692
0,1Stvu--9AZTIuDS4q354RxcC-3xwageeNlyeMCcqLiKE,-0.22111975862866357
0,1KujKziklFLcVIcoNvGwnDv192gin_SWIrPM6lgDjoQk,0.11528922451866998
0,1Iz35C70tTOHSuc8TdHkTfaDg-GiZqrZOK3-CFXi9Kqg,-0.5136771897474924
0,145wWVneYmqAqJIIKQo15NleMMYtDIftI-olH8ZNxPQw,-0.17051309943199158
0,19LLt9Za3EZM_1tytwTymanu4-wCNg8aEftCimvVxyoQ,0.36124962109785813
0,1e5O21KvINvuereJqtO1rZbYaJ_M4rz6P76jrl8H6nNw,0.19924059510231018
0,1-R-mKbeQIrkCErWbkhIMCtpTtmNyAfwFc9B9MbsuO3w,-0.9991509914398193
0,1G6h4rrzSoQA9rC2VYc2ShVrorksSJDWTL_WE5AGkGtU,0.2588667372862498
0,19kKQvB0gBfJIa8EQv8OodD2PzkcyQ3xWnDn0U5xD568,0.4778137505054474
0,1DXsMcGe47sQ4G2E7bLGebmorPQigEbpbndvS3TdQrOM,0.11753037146159581
0,1Scy-9REFg8usKTMS7O-Goh3D40oCfvGjKF0_5mFR7_Y,-0.7890467643737793
0,1D1vpy3N6-d_H2x1UK6H5FQMl4tTR3FCBswqjw4qtIlU,-0.09489363999593825
0,1k3juMEJLp8N9M6y5DQSj9dqRPSEgAAzNjpjBoydajzU,-0.17836181142113425
0,1TTAKYA73GaXhCpI08GQHUnRBv5bWaVezhqcQZOBEnEg,-0.48858050505320233
0,13O2tbiXBDJdU3aF8j2fFUuzczYF6GrMPGp7xPCWkQUQ,-0.15018828476176543
0,17Pmc5s-JQaBxt1AwilfOsHnirmQlwYa4MtsJhjQxIn0,0.016039669513702393
0,125L79VrUMmePH2-MOUTCRgwGrHHvp1aWtOfdVWgBGis,-0.6933590258870806
0,1aSRYTevsLboJMMAci92DZNfo1bZfD1KChb7kPXA4I54,0.11734242571724786
0,1IdRIhDg7X64mLjhGbNFehbXOf_Io2VYWRfqWT-EkGM0,-0.8374402721722921
0,11uphGXN1_wA4wlb4QVjieptakJXBOBnuYJOsbkcP-JI,0.2068769782781601
0,1LJT5i3lMXq3qTsbtZVOUK6BsVJCBi82gQCRdvp0kAhA,0.13752564787864685
0,1t76xxcMcVy9_y28EffGxFTXtc05S_D72x_Zif3WDz90,-0.5893263697624207
0,1SmdKg65l1Ok98Ax5GMmCacLTitq2Feb9CpGKFhRXdiY,0.028644596829133874
0,1qps39gpxew3E_Mm5JXL3-lWRLnGlibWiS9D03PLw7O0,-0.20842184339250838
0,1e-0ZlUTKbnGdjbb6FOpr6JZQ8SgApG11O4ywQJzXaYE,-0.3653174146361973
0,13dpBGYXz0r-mdzEcxUJrUPilH_ybHRjLBUfwpdpTuM8,-0.1940878748893738
0,13KKo2bu5n4Oa_105zICZVVWV_men9L__ShXGrmtWOdI,-0.010719150304794312
0,1KC6rkP0yQpzypl9yGiql8FxmBox3-vM_7nrR_dpdzRE,-0.275193053483963
0,11u89KM2AwbBdq-zXioZIS6AV_obFySBRmNtEENm5pxU,-0.5469612942801582
0,1Mv4WzN8Tb8iMsza8MWdoyfHGGx81nU35caGQIeizIGk,-0.9837264120578766
0,1iFm6MxB9X0cpyv7mHp-W5DqY49FwXlhXBY9hqnPgpI0,-0.01799072027206421
0,1j8TAUmSvO8wcWv-zA-YGkgQ4Ef37oTPjh7DWvHyZ4fU,-0.02889470968927656
0,1Dzc8BFnVd7uw95l5ov7A8lB_dpT_8qUBI2VDcdF0r7I,-0.22024427519904244
0,18ah5rwA_jlKAngUF3tbCJuki4JO5S_NvMvPKTnhnp3g,0.9963123798370361
0,1Xlyq9MBCoEIGCZlcdRxUxIovDLoqPFgojazYGkVNM2g,-0.2203739153014289
0,1U_nGEh7EaRpUmaStjaKrC8ywJyIqEdcytDCR7K8u1ho,-0.24392235279083252
0,1wMfFCMf0GCFuwYMXY2O0AZLniwU8srhZeEi-uCZaUBk,0.046016405929218636
0,1A8y3g7VyuKc0k4haaUMd3r18GDkQiQzQaMBzQowFdk4,0.17932051420211792
0,1qPy0QHW4L8tYHczN6FgBwwOWa8sMD0IgQSzIHTs5sME,-0.024402853101491928
0,1_MvtABRw5C9w5h1zXMKAfDLSJ-U2qPge2BJT8_KND6E,0.2199945724927462
0,15M0LjzMfN9Xw0NlQv4t3-PmtwOmdHFssjbZGGXluWCQ,0.5169884264469147
0,1ax4NeIiNhBh3kC7m3-2gudxpnsyErv2XvbUZKCCxPGo,-0.7473448067903519
0,1ubuL67KprbI5yxfGmFNyRBoRE_iodhHLOljKNRA3j8w,-0.009168903032938639
0,1QY3BOuoCZa7xu3W2RtiYKjBkhTPhS3xg643uRWzgvPc,-0.23740420518098054
0,1Y1B5hHd00Qi9_o3qq9bRYTpcpyLjI-wyUUJRR8AP0wc,-0.2837564674290744
0,1DLgotfxwWkRf3jT4zP8uzV0VoZZvrGZLM3uJfb0xDos,0.038958272513221294
0,1fQep4XrrOlNposzkLCL7vgZRkfNt9LcOJLaZz0_swPc,-0.0022195842530992296
0,1_4jwiaRVtUJ4FTOZsGFcDOX4U3JVzaFMv-9LHvcow8Y,0.8296147286891937
0,1TC7KF3loPeq6X31VFGZfw-PsOJJETxyyZBOC89Yd4C0,0.05317781368891398
0,1JPuyOGSy6EdGtX_1XsxI8cE5YIoT5QiVkoR5pT9A6OM,-0.18581626415252686
0,164_o0rE-m8pldBc3SAIQy72YCftEVrg57jrNw7Ihr9U,-0.4217468968459538
0,1KU8zvViLN8SkUobwc47kRTRLQ4CGRMY-wzJHkd9a57k,-0.4056115606251885
0,14gN7QsX9evG8UkfuEwtAvYy7Ur2HNH403kKIVCzmRG8,-0.553868979215622
0,1hlUTDW4i03BFnHX3ru70VSzaSZWxwUwGp4QhcJuWDpE,0.33298224210739136
0,1xPP7CIy3J1_OMyZ8fBN70PMIKgCY6S_17nt6wP6Q0tE,-0.9959859848022461
0,1Wl9SsFsWxqtoG5ZWcmSc4MN8bAk4ncyZG_MovXfY6nw,0.17936516349965875
0,1kQYFa_STjUcUE26qJfyzaFCIrSlQTyBH07UdwWwZMog,0.1773091902335485
0,1PZeIyrrXmfQAqgduoF7G_aw0Wgd1EpU-jykihRJYqKA,0.9963123798370361
0,1MLVHhrKCoIN9wtd2E9vk14eeci9WzyDj6JBPdk7uicE,0.09194185998704699
0,1pykp9u2wTaOoU3EGVDOdwvu53KucQ1RB3DzNJP_1-L4,0.2748410403728485
0,1TJxPohnsx6I13_Wn-1rxUrYHxk6YxeGmC24r20CZa4I,-0.11195940494537354
0,1jWQDFPeHB5uBUNw70pKXOX9yNv5bDsGYrl7uMS545sw,0.18393876064907422
0,1Ld8R1LvyDnLTXUWoVFXFJoGCMOEUDKuIMOa5-buWpEk,-0.24427385131518045
0,1CW0N0XjJLZ109K2HJhR3EJ8IgaV0NaSuh9KqbEIKHO4,-0.0030611231923103333
0,1R9hi9duA7PSt6fgdeOk0TDl6vfLl3KFXNpzdJCRYIyU,0.3032062678110032
0,14KBzIjgdi_fwObeXtOvhftzB6FmWp_Qj5apq-TUkiSg,0.29463323950767517
0,1ix-a8uYzUFV7YrFIZEox09QYjLObZPH3zqZ2dpG_agI,-0.7338467538356781
0,11d1MO2TUNizS_A99bZD4aTCJEBYCTX_6IhqCdP9eXys,0.04788494110107422
0,1hak4RY5Xgo6dhmadKctNjjpGJu1MdBqGLd9TAZupuuA,-0.0639162927865982
0,18jJ02QhwSOupDibMKSrckek1jXxOfk4TsD6LLNoFkNU,-0.000217437744140625
0,1ynMiJcKAsctzLo0Q-WAsHac-3vbOlY_q4_bYjSBCryw,-0.6746373871962229
0,1BkFy90UYGZtQjXdZra_rgbqAMkqJAxlC-QbgCA4YNLs,0.14062838611148654
0,10S6Bt1P_0KCRe96KqPUsDe7WG9P_vOn9tZ17AlODACE,0.9847480654716492
0,1knbFFrF_7Y6-cYqW27AicOSj1PZd2Zk0RCooHBXqTro,-0.1801562133957358
0,10jPC2homMAruaCdayejJ97LBKmu66vx0OOD2E_A1ulU,0.21319379047913986
0,1NMrmmOW7G22TgrDHdQEhQJqB06L9eGbD4lOtdSPB4Hk,0.09995132684707642
0,11y2_LFtylqlobuZGEl5fH-1KT0-LEWKzFNHO7FMoxvQ,0.36925997138023375
0,1ban84AKMfl7yb8d9f3SzNI-HnRw67ml-Uu_llvXcQ-E,-0.37234587222337723
0,1R_loJJPfsiNBE9CnTzl1zCj7wtNbz4rJ4_li53YJUfs,-0.22004460295041403
0,1CFjRQpOnZ3lVy-vj9x9MshBXybHlEqdNXXKgyE-wK1E,-0.5913562253117561
0,1hr385gsc8A0Dv-e9-B8_L0AK4uwUYTcYSk9LFMh_bH8,0.26181912422180176
0,19MseEWa2RXTBIbdh6SYUCAr5v0OQWtbbAVOpXxbK9i0,0.1185309886932373
0,17EUeSnf8STrWVlxLlvoBn_vJXVSeQDngDe9mAxsoEGo,0.4307123352499569
0,12qbxK-J3hULvhk793uCPYHrzfrFs0QFQPVbDy115ldo,-0.22723756896124947
0,1bTeK7iTA5ooOzutVa78iZjyhEyQ2Pjc9kbL5Rr4kz9A,-0.5252706011136373
0,1RfFrQXD-uIQ5ZW6GbfyybVmeJ9x5IojrG9U_7drfkaY,-0.5662575999895731
0,1jmCDNJbb2Oe68UnVeECfV1s_SxWS1H2muuHPVBf9NPI,0.025986770788828533
0,1LBsny5zqcfhF2EvZxHTkC3EcVab4MPDO1omA4cMMo5M,-0.2952828894961964
0,1_xvxpdKWcZxqQAv5J-x50DLdaRjtM1P1YMj8tOiVbiE,0.10929811000823975
0,1K8m3QBiv-caZQaLTaxN8WKDq7rPSBLlt7l93f5QeRuw,-0.3043212095896403
0,12PvGZYlm4zSG-uW0q3oLRiK6iHWGIDCSHQdSKAlM8gc,-0.22888283625892972
0,1j43-TWp6lpBNfrjzaELAxFn3z1m_x-_pcxWiODSSqnY,0.048794686794281006
0,13rhn8h2dfnLlH_f-9iMEUNnBsJ8R468CjdxdTF706tQ,0.7400155138969421
0,17b1eAMIP_Rkr1jFZdVDTyrUZL5yNo_w3ZUmLcBxbgbE,-0.8134485518231112
0,12VoLT_c_wzpQLLSjKfVeam4wOoBdqcRmtCJNFM3-Nm8,-0.18506921529769899
0,1TR7pf5-PVryCK9XvQgMl-qLRRGgEbIaWOD4JZLQR8mQ,0.5797007352113723
0,12i1ritz0W5jNGlQZfekK_UuADaEnKsizzW52yW2OcXA,0.09726187116221378
0,11DXfj_v_yMT0iWEg443GjA-ipMZYUTVeZCKIUuZ7u10,0.21577459055444467
0,1KigOHII671tH7q0sB5OGPK3bLw5GL0rU8gkI6sKgRMk,-0.38584084436297417
0,1ATio9AwLyGUJsf9XzH8V_T_gfgBBZhFNt7MCdsX2VfU,-0.37509671395475214
0,12pfHCK6sKgo9ues5wdCcR0nPl6bk5GXAldQzZukCu4g,0.25790370913112864
0,1LoXEh8Ss43A271RmFXgtgHsUJWMjHMJ1XBB6zC14Bdo,-0.7407516054809093
0,15K65DTfyM1bfdJ897jO9E9ZUCBtZ4u74VOXtp8wjc8w,0.901482105255127
0,1-FmzpHPJgdC23ZIBsU0piFBDEZLU1VTpJpl2Vnyd-MA,0.7140468955039978
0,1cJhybnC3cl13OOGCkGSgFCc51GW1973oLY1UOBugK8g,-0.5761975804964702
0,1PYLg3nB2FeQyctbPYVZIj3XjzzoMotIJt-PdFZcR2Wg,0.10122342109680176
0,1jwPynAK-Z-1AoUSnICLW3hwiqaM_rmf7Qm5DkFgV7Q0,0.346141787370046
0,17QOtsaYLtv_oHTe56L_Z4wWKY4ALDhNV9xIEwl0euig,-0.37289538482824963
0,1Pr6WnmjFd1lkELTBOnFlBR35-wL5Rr3swSYMnEACYFc,0.006573077291250229
0,1ORRH66h2JiCdl8yPgbC4GA0NDaDmSMy70t_7I2eF1NM,0.031088197231292726
0,1g4gcs6Bg3XV37oWiLYCsLZZ-TBbyNIGb34JOzmyLsvQ,0.07760906219482422
0,154YIFxMo1FwLYCVNPUWXARlqi3sVbZDRdizBlqdsaqg,0.06907011270523071
0,1DV3Ms_76d9zLO6c8WRvFWj91L1sBkT4gbfRX3aqiZYU,0.012636998295783996
0,1G9x3vWdnt9ZkWy_jIech06u0u93_bRN2f0WG1bUWYVQ,-0.22330247031317818
0,19QoWRg9qN3Tmk6M3ZAnKfZcGRkS8g1Z3fCfB8wfnbvs,-0.3288360913594564
0,1CeKkdFzgH4VH53oRLiaf36Ak3MpTi471dMccRGxMGqM,-0.25459950417280197
0,19qHRLo8Qvcz9ndgl1BmETMXb1D2Tg0_ER4hmRucJXCg,-0.009332537651062012
0,1-o6L-DgKnu9cBrneGGj1WgilFN9zDQSlOgA_TphSf70,-0.43916773796081543
0,1KXWgkVWOSso9OoGCd7hhR2Gjjt9ks3OlyvXQRK0C3ac,-0.2670632871714505
