word,freq
sheeran,106
sabba,79
quot,72
ashley,45
n't,33
computational,28
lisa,23
ipad,21
facebook,21
tachles,16
v2,16
nis,15
v1,12
youtube,11
hannah,11
api,10
kegel,10
startups,10
skype,10
lerning,10
transliteration,8
m1,8
basa,8
gdp,8
semc,8
qr,8
nlp,8
realtor.com,8
shiran,7
gitlab,7
technion,7
bassa,7
reddit,7
turing,7
considered-9,7
normalization,6
fastai,6
jira,6
wikipedia,6
mitap,5
aws,5
ziv,5
resources+e1,5
nmod,5
advmod,5
felt-26,5
c2c,5
gamification,5
espp,5
qordr,5
rosh,5
zillow,5
a12,5
iphone,4
todo,4
ummm,4
gdp=a0+a1,4
yaron,4
itzik,4
naorlink,4
vipassana,4
litcode,4
cpa,4
beatback,4
likes-4,4
received-3,4
works-16,4
right-wing,4
refinance,4
javier,4
nir,4
bla,4
x+h,4
deepmoney,4
x^n,4
siri,4
chodesh,4
paypal,4
ernie,4
zipline,3
b0+a1,3
b1,3
b2,3
persecutions+a1,3
e2+a2,3
one-third,3
tf,3
v1-v1,3
three-dimensional,3
lol,3
zivna,3
wrike,3
vs.,3
start-up,3
github,3
nsubj,3
outliers,3
personal-11,3
commented-21,3
autobiography-29,3
timeline,3
i.e,3
bonobo,3
cannes,3
hh,3
wifi,3
whatsapp,3
meetup,3
sela,3
epsilon/180,3
cheeto,3
buffett,3
morphen,3
gamify,3
subgroup,3
llc,3
a11,3
a12-a11,3
javascript,3
ivska,3
centralize,2
hoa,2
akintor,2
a|b,2
gdp+b2,2
persecutions+e2,2
two-thirds,2
elon,2
eyal,2
hadn,2
rogen,2
rnn,2
lemmatization,2
christiana,2
gitleb,2
x^,2
n+1,2
x-1,2
two-room,2
dizengoff,2
likdain,2
maximization,2
m1v1+m2v2=m1v1,2
v1^2-v1,2
v1+v1,2
alex,2
judea,2
faber,2
photoshop,2
powerpoint,2
sketchup,2
cs6,2
poutons,2
jni,2
oecd,2
bulbul,2
n/2+1,2
trac,2
lugas,2
neurlink,2
dog-2,2
root-0,2
xcomp,2
eating-5,2
gladwell,2
advcl,2
critics-5,2
gladwell-13,2
reviews-20,2
much-24,2
gini,2
linearly,2
aviv,2
right-angled,2
to-do,2
h|hh,2
h|tt,2
tt,2
h|ht,2
h|th,2
dropbox,2
floyd,2
lanning,2
epstein,2
mid-april,2
refaeli,2
knesset,2
news2roi2,2
preprocessing,2
baside,2
berdit,2
saban,2
elban,2
tomer,2
h+f,2
x+2h,2
xgboost,2
leumi,2
mellanox,2
long-term,2
chubka,2
gaza,2
crowdstreet,2
news2roi,2
sivan,2
parallax,2
volumetric,2
voxels,2
self-vector,2
mozar,2
hydrophobic,2
adibles,2
factfinder,2
multi-millionaire,2
deepmani,2
invariant,2
memes,2
false,2
cognition,2
dedi,2
self-defense,2
eps,2
annotations,2
wooey,1
forex,1
homescout,1
firefox,1
leah,1
michal,1
alexa,1
a+b,1
hn,1
half-half,1
exim,1
gadkhalham,1
evolutionarily,1
jewish+a2,1
jewish=b0+b1,1
b0+b1,1
gdp+a1,1
gdp-a1,1
gdp=,1
a0+a1,1
one-sixth,1
geror,1
garageband,1
maslow,1
self-extraction,1
equivalence,1
two-tenths,1
medatorial,1
dvd,1
neh,1
chinita,1
maayan,1
imi,1
counter-example,1
neals,1
sella,1
eme,1
dafuq,1
neuralink,1
r.,1
gene-oriented,1
order-oriented,1
recursion,1
contexts,1
rentometer,1
fjfjfjfjfj,1
mantesumo,1
mantesuma,1
bogas,1
dekel,1
faceswap,1
x+x^2+,1
x^n-1,1
nlog,1
nx,1
dis/advanteges,1
support/framework,1
lizrom,1
m1v1^2+m2v2^2=m1v1,1
m1v1^2-m1v1,1
imgor,1
matizationization,1
samaria,1
non-jewish,1
gifs,1
clipart,1
powtoon,1
iclone,1
videoscribe,1
roblox,1
aiklon,1
roblux,1
mcdonalds,1
tijouana,1
noro,1
p500,1
vti,1
matty,1
text-to-video,1
self-measurement,1
m2,1
v1+m2,1
v2=m1,1
v1^2+m2,1
v2^2=m1,1
v2-v2,1
v2^2-v2,1
buena,1
three-quarters,1
abcdefghijkl0,1
heya,1
buba,1
tata,1
jp,1
built-in,1
hughes,1
sub-projects,1
ppm,1
index-linked,1
non-transitive,1
dbquery,1
my-1,1
also-3,1
dobj,1
sausage-6,1
generally-1,1
well-2,1
by-4,1
nsubjpass,1
outliers-7,1
auxpass,1
was-8,1
more-10,1
than-12,1
amod,1
other-15,1
and-18,1
some-19,1
conj,1
on-22,1
how-23,1
outliers-25,1
like-27,1
an-28,1
man-free,1
bitcoin,1
spendings,1
pornhab,1
matriarchal,1
yiziz,1
lexley,1
brino,1
air-conditioner,1
cbs,1
nbc,1
distinguishable,1
basot,1
non-survival,1
hunter-gatherers,1
yitzchak,1
yaakov,1
yosef,1
browsers,1
quantization,1
nondurable,1
kaggle,1
experimenters,1
forget-me-not,1
fleshly,1
covid,1
weizmann,1
mami,1
colburator,1
emr,1
floydhab,1
netflix,1
sufs,1
basota,1
cam2cam,1
day-to-day,1
linux,1
fundrise,1
realtyshares,1
intoo,1
rreaf,1
gittlab,1
location/orientation,1
hoim,1
x_i-e,1
std+,1
mult,1
x_i/e,1
self-rinsing,1
monixa,1
x//12,1
top-down,1
sooooo,1
qna,1
lalalalalalalala,1
sellaism,1
https,1
world-iq-map-lynn-2006.svg|thumb|2006,1
vanhanen,1
hehe,1
cmd,1
ios,1
permissions,1
termius,1
achach,1
aruchat,1
workera,1
floydhub,1
one-year,1
kagel,1
one-parent,1
legalization,1
x^2+y^2+z^2=v^2,1
qaeda,1
mogadishu,1
omissions,1
aggis,1
g4s,1
kibinimt,1
epochs,1
hyperparams,1
rsus,1
kallie,1
kayla,1
linebreak,1
narf,1
stans,1
toruses,1
bardit,1
epsilon/90,1
auto-shot,1
mada,1
ilan,1
liad,1
self-complete,1
ahmash,1
locomotor,1
conceptualization,1
non-instinctive,1
etc.,1
short-term,1
declarative,1
rsu,1
attractants,1
minimization,1
algotrade,1
non-convex,1
h+g,1
x^2=-2xh-h^2-2,1
h-h^2+,1
usb,1
vasana,1
self-pity,1
self-feeling,1
deepmoney3,1
closus,1
cancun,1
haifa,1
esop,1
esperange,1
remy,1
aiml,1
duplexes,1
band-aid,1
misleads,1
frickin,1
sixty-five,1
deletes,1
gollstar,1
left-wing,1
mikel,1
colab,1
kolab,1
airfoods,1
acrunk,1
x^m,1
semi-organisms,1
ahhh,1
rachel,1
shabbats,1
scatterings.,1
jist,1
ivaska,1
ella,1
business/product,1
p/e,1
gamifying,1
cordova,1
multifamily,1
neil,1
nola,1
norlink,1
facebook/tv,1
show+food,1
reading/french,1
list/following,1
fluo,1
rufesh,1
work-related,1
bugspray,1
bagspray,1
ib,1
responder,1
chipset,1
ammm,1
tuesday-wednesday,1
fricking,1
bava,1
two-week,1
p.m,1
doritos,1
new2roi,1
cro,1
mvp,1
ssssemc,1
lenticular,1
multiplanar,1
swept-volume,1
half-rotation,1
addressable,1
amout,1
sorrounding,1
spreding,1
powerfull,1
voxel,1
oother,1
dimentional,1
deciles,1
linkedin,1
hashanah,1
zipcode,1
mgmt,1
downpayment,1
bulma,1
nolan,1
ayalon,1
saint-pierre,1
thermius,1
wikinews,1
bitbucket,1
moda,1
metatization,1
self-value,1
v1+a12,1
v2=v1,1
v1+,1
v2=v2,1
a11=1,1
a12=0,1
jk,1
leverages,1
css,1
html,1
dna,1
hydrophilic,1
pre-composed,1
mid-work,1
linearity,1
realestate,1
deeplearning.ai,1
null,1
well-being,1
instagram,1
ozer,1
cross-platform,1
omami,1
xe,1
ivasca,1
hsbc,1
etrade,1
non-direction,1
gameification,1
recursively,1
ron,1
barak,1
zrihan,1
peymank,1
m^2,1
approx,1
opioid,1
opioids,1
extremistan,1
forcasted,1
enthropy,1
sashin,1
landauer,1
animalism,1
quantopian,1
rafaeli,1
text/photo/video,1
sota,1
ve,1
localization,1
so-called,1
bastardizes,1
britney,1
yc,1
skoda,1
googles,1
melis,1
cyber,1
de-militarized,1
haram,1
sharif/temple,1
http,1
dartmouth,1
cir,1
apn,1
nov.,1
loancare,1
apologroup,1
rico,1
no-brainer,1
part-time,1
jire,1
sid,1
sachak,1
x=1.08,1
x=0.7,1
katalon,1
acl,1
hdmi,1
flavi,1
detracts,1
cbt,1
gadot,1
kate,1
upton,1
gustine,1
tiberlake,1
scarlett,1
johansson,1
ido,1
ishuiz,1
biran,1
lior,1
elior,1
fayette,1
disputants,1
sabbaticals,1
nn,1
erez,1
syndications,1
dalek,1
morpon,1
tokenization,1
warrick,1
corenl,1
crsp,1
marketcap/earnings=price/eps,1
earnings/shares,1
todos,1
syntactic,1
king-man,1
queen-woman,1
hamorabi,1
communism/capitalism,1
constantine,1
mati,1
garten,1
anarcho,1
matization,1
